day;timestamp;buyer;seller;currency;price;quantity
-1;10073.0;Peter;Charlie;SEASHELLS;15015.0;4
-1;10082.0;Caesar;Pablo;SEASHELLS;15011.0;6
-1;10104.0;Charlie;Peter;SEASHELLS;15027.0;4
-1;10148.0;Caesar;Pablo;SEASHELLS;15025.0;8
-1;10168.0;Caesar;Caesar;SEASHELLS;15036.0;30
-1;10173.0;Pablo;Caesar;SEASHELLS;15036.0;11
-1;10209.0;Charlie;Pablo;SEASHELLS;15027.0;6
-1;10214.0;Pablo;Caesar;SEASHELLS;15024.0;14
-1;10276.0;Charlie;Peter;SEASHELLS;15023.0;2
-1;10318.0;Caesar;Caesar;SEASHELLS;15004.0;34
-1;10369.0;Caesar;Pablo;SEASHELLS;14973.0;12
-1;10381.0;Charlie;Peter;SEASHELLS;14976.0;2
-1;10384.0;Charlie;Peter;SEASHELLS;14976.0;2
-1;10510.0;Caesar;Caesar;SEASHELLS;14960.0;28
-1;10576.0;Charlie;Pablo;SEASHELLS;14923.0;12
-1;10749.0;Peter;Charlie;SEASHELLS;14909.0;2
-1;10781.0;Peter;Charlie;SEASHELLS;14901.0;3
-1;10824.0;Peter;Charlie;SEASHELLS;14908.0;5
-1;10859.0;Charlie;Peter;SEASHELLS;14919.0;3
-1;10894.0;Charlie;Peter;SEASHELLS;14898.0;3
-1;11009.0;Caesar;Caesar;SEASHELLS;14936.0;23
-1;11105.0;Caesar;Pablo;SEASHELLS;14949.0;11
-1;11161.0;Charlie;Peter;SEASHELLS;14938.0;5
-1;11174.0;Pablo;Caesar;SEASHELLS;14928.0;6
-1;11207.0;Caesar;Pablo;SEASHELLS;14917.0;7
-1;11228.0;Peter;Charlie;SEASHELLS;14912.0;2
-1;11263.0;Caesar;Caesar;SEASHELLS;14901.0;36
-1;11280.0;Caesar;Pablo;SEASHELLS;14893.0;14
-1;11315.0;Charlie;Peter;SEASHELLS;14887.0;2
-1;11356.0;Charlie;Pablo;SEASHELLS;14911.0;7
-1;11359.0;Peter;Charlie;SEASHELLS;14914.0;2
-1;11392.0;Peter;Charlie;SEASHELLS;14899.0;4
-1;11409.0;Peter;Charlie;SEASHELLS;14909.0;4
-1;11437.0;Charlie;Peter;SEASHELLS;14902.0;4
-1;11444.0;Caesar;Pablo;SEASHELLS;14898.0;6
-1;11451.0;Peter;Charlie;SEASHELLS;14899.0;5
-1;11516.0;Caesar;Pablo;SEASHELLS;14913.0;12
-1;11676.0;Charlie;Peter;SEASHELLS;14930.0;2
-1;11709.0;Charlie;Peter;SEASHELLS;14918.0;2
-1;11722.0;Caesar;Peter;SEASHELLS;14931.0;5
-1;11859.0;Peter;Caesar;SEASHELLS;14930.0;4
-1;11870.0;Caesar;Peter;SEASHELLS;14945.0;2
-1;11874.0;Caesar;Pablo;SEASHELLS;14939.0;14
-1;11978.0;Caesar;Caesar;SEASHELLS;14920.0;16
-1;11978.0;Caesar;Caesar;SEASHELLS;14920.0;24
-1;11996.0;Peter;Caesar;SEASHELLS;14923.0;5
-1;12003.0;Charlie;Peter;SEASHELLS;14911.0;3
-1;12042.0;Caesar;Peter;SEASHELLS;14904.0;3
-1;12043.0;Caesar;Caesar;SEASHELLS;14902.0;32
-1;12072.0;Charlie;Peter;SEASHELLS;14909.0;3
-1;12107.0;Caesar;Caesar;SEASHELLS;14906.0;33
-1;12137.0;Peter;Caesar;SEASHELLS;14889.0;3
-1;12183.0;Caesar;Peter;SEASHELLS;14904.0;3
-1;12191.0;Caesar;Peter;SEASHELLS;14897.0;4
-1;12241.0;Charlie;Peter;SEASHELLS;14892.0;4
-1;12283.0;Peter;Charlie;SEASHELLS;14888.0;4
-1;12313.0;Charlie;Peter;SEASHELLS;14900.0;5
-1;12344.0;Pablo;Caesar;SEASHELLS;14907.0;8
-1;12405.0;Caesar;Caesar;SEASHELLS;14913.0;25
-1;12425.0;Charlie;Peter;SEASHELLS;14889.0;3
-1;12440.0;Charlie;Pablo;SEASHELLS;14898.0;13
-1;12465.0;Peter;Charlie;SEASHELLS;14887.0;3
-1;12509.0;Charlie;Pablo;SEASHELLS;14884.0;5
-1;12513.0;Caesar;Pablo;SEASHELLS;14891.0;6
-1;12540.0;Caesar;Caesar;SEASHELLS;14889.0;27
-1;12576.0;Caesar;Caesar;SEASHELLS;14892.0;23
-1;12618.0;Charlie;Pablo;SEASHELLS;14913.0;7
-1;12713.0;Caesar;Caesar;SEASHELLS;14924.0;33
-1;12732.0;Caesar;Pablo;SEASHELLS;14929.0;13
-1;12740.0;Caesar;Caesar;SEASHELLS;14935.0;35
-1;12746.0;Charlie;Pablo;SEASHELLS;14937.0;8
-1;12750.0;Pablo;Caesar;SEASHELLS;14936.0;14
-1;12807.0;Caesar;Caesar;SEASHELLS;14946.0;28
-1;12844.0;Peter;Caesar;SEASHELLS;14947.0;2
-1;12963.0;Caesar;Caesar;SEASHELLS;15007.0;20
-1;12980.0;Charlie;Peter;SEASHELLS;15012.0;4
-1;12985.0;Peter;Charlie;SEASHELLS;15017.0;4
-1;12991.0;Peter;Charlie;SEASHELLS;15018.0;3
-1;13054.0;Pablo;Caesar;SEASHELLS;15043.0;5
-1;13073.0;Peter;Caesar;SEASHELLS;15033.0;3
-1;13355.0;Caesar;Peter;SEASHELLS;15049.0;3
-1;13415.0;Charlie;Pablo;SEASHELLS;15041.0;10
-1;13430.0;Caesar;Pablo;SEASHELLS;15044.0;13
-1;13447.0;Caesar;Caesar;SEASHELLS;15041.0;11
-1;13447.0;Caesar;Caesar;SEASHELLS;15041.0;24
-1;13451.0;Charlie;Peter;SEASHELLS;15041.0;2
-1;13510.0;Caesar;Peter;SEASHELLS;15057.0;4
-1;13523.0;Caesar;Caesar;SEASHELLS;15065.0;29
-1;13523.0;Peter;Caesar;SEASHELLS;15067.0;3
-1;13525.0;Peter;Charlie;SEASHELLS;15069.0;4
-1;13574.0;Pablo;Caesar;SEASHELLS;15068.0;10
-1;13605.0;Peter;Caesar;SEASHELLS;15081.0;3
-1;13618.0;Caesar;Caesar;SEASHELLS;15084.0;22
-1;13728.0;Peter;Charlie;SEASHELLS;15115.0;5
-1;13747.0;Peter;Charlie;SEASHELLS;15108.0;2
-1;13874.0;Caesar;Pablo;SEASHELLS;15127.0;14
-1;13880.0;Charlie;Peter;SEASHELLS;15121.0;3
-1;13881.0;Caesar;Caesar;SEASHELLS;15125.0;20
-1;13914.0;Caesar;Peter;SEASHELLS;15123.0;4
-1;13916.0;Charlie;Pablo;SEASHELLS;15125.0;10
-1;13932.0;Caesar;Peter;SEASHELLS;15123.0;2
-1;13936.0;Caesar;Caesar;SEASHELLS;15124.0;23
-1;13970.0;Peter;Caesar;SEASHELLS;15113.0;2
-1;14034.0;Charlie;Pablo;SEASHELLS;15078.0;11
-1;14066.0;Caesar;Caesar;SEASHELLS;15058.0;20
-1;14073.0;Caesar;Pablo;SEASHELLS;15059.0;15
-1;14075.0;Caesar;Peter;SEASHELLS;15056.0;5
-1;14113.0;Charlie;Pablo;SEASHELLS;15044.0;15
-1;14138.0;Peter;Caesar;SEASHELLS;15057.0;5
-1;14165.0;Peter;Charlie;SEASHELLS;15057.0;2
-1;14182.0;Caesar;Caesar;SEASHELLS;15054.0;37
-1;14192.0;Caesar;Pablo;SEASHELLS;15056.0;7
-1;14194.0;Caesar;Caesar;SEASHELLS;15053.0;24
-1;14194.0;Caesar;Caesar;SEASHELLS;15053.0;5
-1;14355.0;Charlie;Pablo;SEASHELLS;15083.0;14
-1;14395.0;Caesar;Peter;SEASHELLS;15099.0;5
-1;14402.0;Charlie;Peter;SEASHELLS;15113.0;4
-1;14409.0;Peter;Charlie;SEASHELLS;15109.0;3
-1;14442.0;Peter;Caesar;SEASHELLS;15101.0;2
-1;14483.0;Peter;Charlie;SEASHELLS;15093.0;5
-1;14512.0;Pablo;Caesar;SEASHELLS;15098.0;14
-1;14545.0;Charlie;Pablo;SEASHELLS;15116.0;15
-1;14554.0;Caesar;Caesar;SEASHELLS;15122.0;26
-1;14554.0;Caesar;Caesar;SEASHELLS;15122.0;6
-1;14574.0;Caesar;Pablo;SEASHELLS;15115.0;15
-1;14580.0;Pablo;Caesar;SEASHELLS;15122.0;15
-1;14688.0;Charlie;Pablo;SEASHELLS;15105.0;12
-1;14737.0;Caesar;Caesar;SEASHELLS;15080.0;20
-1;14750.0;Charlie;Peter;SEASHELLS;15085.0;3
-1;14784.0;Caesar;Pablo;SEASHELLS;15066.0;9
-1;14790.0;Peter;Charlie;SEASHELLS;15075.0;4
-1;14822.0;Charlie;Peter;SEASHELLS;15068.0;3
-1;14850.0;Charlie;Peter;SEASHELLS;15054.0;2
-1;14859.0;Caesar;Peter;SEASHELLS;15058.0;5
-1;14901.0;Charlie;Pablo;SEASHELLS;15069.0;8
-1;14979.0;Caesar;Caesar;SEASHELLS;15070.0;12
-1;14979.0;Caesar;Caesar;SEASHELLS;15070.0;28
-1;14985.0;Pablo;Caesar;SEASHELLS;15077.0;10
-1;14992.0;Charlie;Pablo;SEASHELLS;15075.0;7
-1;15066.0;Pablo;Caesar;SEASHELLS;15065.0;6
-1;15167.0;Pablo;Caesar;SEASHELLS;15110.0;5
-1;15173.0;Caesar;Caesar;SEASHELLS;15118.0;22
-1;15226.0;Charlie;Peter;SEASHELLS;15122.0;3
-1;15232.0;Charlie;Pablo;SEASHELLS;15124.0;15
-1;15284.0;Caesar;Peter;SEASHELLS;15113.0;2
-1;15300.0;Caesar;Peter;SEASHELLS;15115.0;3
-1;15316.0;Caesar;Peter;SEASHELLS;15122.0;4
-1;15318.0;Charlie;Peter;SEASHELLS;15124.0;2
-1;15380.0;Caesar;Caesar;SEASHELLS;15125.0;21
-1;15394.0;Peter;Caesar;SEASHELLS;15130.0;2
-1;15414.0;Charlie;Pablo;SEASHELLS;15125.0;10
-1;15463.0;Charlie;Peter;SEASHELLS;15120.0;4
-1;15633.0;Peter;Caesar;SEASHELLS;15075.0;5
-1;15657.0;Charlie;Peter;SEASHELLS;15082.0;5
-1;15680.0;Peter;Charlie;SEASHELLS;15088.0;2
-1;15756.0;Caesar;Peter;SEASHELLS;15079.0;3
-1;15777.0;Charlie;Pablo;SEASHELLS;15081.0;15
-1;15793.0;Peter;Charlie;SEASHELLS;15082.0;3
-1;15800.0;Charlie;Peter;SEASHELLS;15078.0;3
-1;15870.0;Caesar;Caesar;SEASHELLS;15084.0;24
-1;15906.0;Caesar;Pablo;SEASHELLS;15094.0;13
-1;15982.0;Caesar;Pablo;SEASHELLS;15063.0;11
-1;16007.0;Caesar;Caesar;SEASHELLS;15082.0;3
-1;16007.0;Caesar;Caesar;SEASHELLS;15082.0;24
-1;16059.0;Pablo;Caesar;SEASHELLS;15115.0;7
-1;16209.0;Caesar;Peter;SEASHELLS;15053.0;5
-1;16252.0;Caesar;Pablo;SEASHELLS;15052.0;9
-1;16286.0;Charlie;Peter;SEASHELLS;15052.0;3
-1;16298.0;Peter;Charlie;SEASHELLS;15055.0;5
-1;16393.0;Pablo;Caesar;SEASHELLS;15057.0;7
-1;16405.0;Charlie;Peter;SEASHELLS;15055.0;4
-1;16475.0;Peter;Charlie;SEASHELLS;15058.0;4
-1;16549.0;Charlie;Peter;SEASHELLS;15068.0;3
-1;16554.0;Peter;Charlie;SEASHELLS;15070.0;2
-1;16563.0;Charlie;Peter;SEASHELLS;15056.0;4
-1;16590.0;Pablo;Caesar;SEASHELLS;15054.0;10
-1;16592.0;Caesar;Pablo;SEASHELLS;15054.0;13
-1;16635.0;Charlie;Peter;SEASHELLS;15072.0;2
-1;16642.0;Peter;Caesar;SEASHELLS;15076.0;2
-1;16744.0;Charlie;Peter;SEASHELLS;15064.0;3
-1;16827.0;Peter;Caesar;SEASHELLS;15081.0;4
-1;16863.0;Caesar;Pablo;SEASHELLS;15077.0;5
-1;16867.0;Peter;Charlie;SEASHELLS;15074.0;2
-1;16933.0;Peter;Charlie;SEASHELLS;15071.0;4
-1;16959.0;Caesar;Caesar;SEASHELLS;15079.0;21
-1;16959.0;Caesar;Caesar;SEASHELLS;15079.0;10
-1;16984.0;Charlie;Pablo;SEASHELLS;15059.0;14
-1;17012.0;Caesar;Caesar;SEASHELLS;15073.0;22
-1;17037.0;Charlie;Peter;SEASHELLS;15071.0;3
-1;17049.0;Pablo;Caesar;SEASHELLS;15080.0;12
-1;17087.0;Peter;Charlie;SEASHELLS;15082.0;2
-1;17205.0;Caesar;Pablo;SEASHELLS;15088.0;11
-1;17207.0;Caesar;Caesar;SEASHELLS;15086.0;24
-1;17224.0;Charlie;Peter;SEASHELLS;15091.0;2
-1;17234.0;Charlie;Pablo;SEASHELLS;15087.0;7
-1;17235.0;Caesar;Caesar;SEASHELLS;15087.0;8
-1;17235.0;Caesar;Caesar;SEASHELLS;15087.0;30
-1;17258.0;Caesar;Pablo;SEASHELLS;15087.0;12
-1;17263.0;Charlie;Peter;SEASHELLS;15078.0;4
-1;17322.0;Charlie;Pablo;SEASHELLS;15085.0;6
-1;17358.0;Caesar;Caesar;SEASHELLS;15093.0;2
-1;17358.0;Caesar;Caesar;SEASHELLS;15093.0;21
-1;17371.0;Pablo;Caesar;SEASHELLS;15081.0;12
-1;17385.0;Charlie;Pablo;SEASHELLS;15080.0;10
-1;17428.0;Caesar;Caesar;SEASHELLS;15085.0;1
-1;17428.0;Caesar;Caesar;SEASHELLS;15085.0;33
-1;17458.0;Charlie;Pablo;SEASHELLS;15077.0;5
-1;17463.0;Caesar;Peter;SEASHELLS;15082.0;4
-1;17490.0;Caesar;Peter;SEASHELLS;15086.0;5
-1;17491.0;Caesar;Caesar;SEASHELLS;15086.0;32
-1;17506.0;Caesar;Pablo;SEASHELLS;15093.0;14
-1;17556.0;Peter;Charlie;SEASHELLS;15088.0;5
-1;17596.0;Charlie;Peter;SEASHELLS;15070.0;3
-1;17621.0;Caesar;Peter;SEASHELLS;15067.0;2
-1;17654.0;Charlie;Pablo;SEASHELLS;15056.0;13
-1;17698.0;Pablo;Caesar;SEASHELLS;15051.0;8
-1;17714.0;Caesar;Caesar;SEASHELLS;15048.0;29
-1;17767.0;Caesar;Peter;SEASHELLS;15070.0;2
-1;17778.0;Caesar;Peter;SEASHELLS;15070.0;4
-1;17786.0;Peter;Charlie;SEASHELLS;15076.0;4
-1;17945.0;Caesar;Caesar;SEASHELLS;15075.0;20
-1;17957.0;Peter;Charlie;SEASHELLS;15081.0;4
-1;17985.0;Charlie;Pablo;SEASHELLS;15069.0;7
-1;18020.0;Peter;Charlie;SEASHELLS;15086.0;2
-1;18065.0;Caesar;Peter;SEASHELLS;15105.0;5
-1;18068.0;Peter;Caesar;SEASHELLS;15117.0;4
-1;18117.0;Charlie;Peter;SEASHELLS;15122.0;5
-1;18124.0;Charlie;Peter;SEASHELLS;15125.0;3
-1;18128.0;Peter;Charlie;SEASHELLS;15127.0;2
-1;18189.0;Peter;Charlie;SEASHELLS;15135.0;3
-1;18254.0;Peter;Charlie;SEASHELLS;15117.0;3
-1;18305.0;Peter;Charlie;SEASHELLS;15104.0;2
-1;18312.0;Caesar;Caesar;SEASHELLS;15103.0;22
-1;18344.0;Peter;Charlie;SEASHELLS;15115.0;5
-1;18377.0;Caesar;Pablo;SEASHELLS;15111.0;14
-1;18393.0;Charlie;Pablo;SEASHELLS;15117.0;13
-1;18417.0;Charlie;Peter;SEASHELLS;15118.0;4
-1;18441.0;Charlie;Pablo;SEASHELLS;15116.0;8
-1;18569.0;Peter;Charlie;SEASHELLS;15108.0;3
-1;18576.0;Pablo;Caesar;SEASHELLS;15108.0;11
-1;18588.0;Caesar;Caesar;SEASHELLS;15104.0;8
-1;18588.0;Caesar;Caesar;SEASHELLS;15104.0;31
-1;18606.0;Caesar;Caesar;SEASHELLS;15103.0;21
-1;18625.0;Caesar;Caesar;SEASHELLS;15094.0;28
-1;18643.0;Peter;Caesar;SEASHELLS;15103.0;2
-1;18663.0;Caesar;Peter;SEASHELLS;15108.0;2
-1;18668.0;Charlie;Pablo;SEASHELLS;15101.0;9
-1;18676.0;Charlie;Pablo;SEASHELLS;15105.0;13
-1;18710.0;Caesar;Caesar;SEASHELLS;15123.0;32
-1;18739.0;Peter;Charlie;SEASHELLS;15120.0;2
-1;18749.0;Pablo;Caesar;SEASHELLS;15117.0;10
-1;18753.0;Peter;Charlie;SEASHELLS;15114.0;2
-1;18792.0;Caesar;Peter;SEASHELLS;15116.0;4
-1;18895.0;Peter;Caesar;SEASHELLS;15124.0;2
-1;18928.0;Caesar;Pablo;SEASHELLS;15125.0;13
-1;18952.0;Charlie;Peter;SEASHELLS;15117.0;2
-1;18973.0;Peter;Charlie;SEASHELLS;15117.0;3
-1;18978.0;Caesar;Caesar;SEASHELLS;15110.0;20
-1;19055.0;Caesar;Pablo;SEASHELLS;15088.0;13
-1;19059.0;Charlie;Pablo;SEASHELLS;15092.0;12
-1;19074.0;Charlie;Peter;SEASHELLS;15083.0;5
-1;19154.0;Peter;Caesar;SEASHELLS;15088.0;5
-1;19199.0;Caesar;Peter;SEASHELLS;15106.0;3
-1;19245.0;Caesar;Peter;SEASHELLS;15121.0;3
-1;19327.0;Charlie;Pablo;SEASHELLS;15120.0;10
-1;19403.0;Charlie;Pablo;SEASHELLS;15152.0;9
-1;19506.0;Caesar;Peter;SEASHELLS;15159.0;3
-1;19516.0;Peter;Charlie;SEASHELLS;15153.0;4
-1;19526.0;Charlie;Peter;SEASHELLS;15150.0;3
-1;19598.0;Charlie;Pablo;SEASHELLS;15173.0;9
-1;19638.0;Charlie;Peter;SEASHELLS;15185.0;2
-1;19640.0;Charlie;Pablo;SEASHELLS;15189.0;7
-1;19645.0;Pablo;Caesar;SEASHELLS;15187.0;12
-1;19648.0;Peter;Charlie;SEASHELLS;15185.0;4
-1;19680.0;Caesar;Caesar;SEASHELLS;15180.0;31
-1;19727.0;Caesar;Peter;SEASHELLS;15202.0;4
-1;19799.0;Peter;Charlie;SEASHELLS;15212.0;3
-1;19872.0;Peter;Charlie;SEASHELLS;15195.0;5
-1;19885.0;Peter;Caesar;SEASHELLS;15194.0;2
-1;19896.0;Caesar;Caesar;SEASHELLS;15202.0;24
-1;19917.0;Peter;Caesar;SEASHELLS;15209.0;5
-1;19937.0;Peter;Caesar;SEASHELLS;15208.0;5
-1;19938.0;Charlie;Peter;SEASHELLS;15210.0;2
0;20113.0;Charlie;Pablo;SEASHELLS;15174.0;8
0;20121.0;Caesar;Caesar;SEASHELLS;15171.0;27
0;20121.0;Caesar;Caesar;SEASHELLS;15171.0;11
0;20156.0;Peter;Charlie;SEASHELLS;15163.0;3
0;20197.0;Caesar;Caesar;SEASHELLS;15178.0;11
0;20197.0;Caesar;Caesar;SEASHELLS;15178.0;29
0;20261.0;Charlie;Peter;SEASHELLS;15205.0;2
0;20307.0;Caesar;Caesar;SEASHELLS;15228.0;22
0;20462.0;Charlie;Peter;SEASHELLS;15233.0;2
0;20493.0;Caesar;Caesar;SEASHELLS;15221.0;22
0;20493.0;Caesar;Caesar;SEASHELLS;15221.0;17
0;20621.0;Peter;Charlie;SEASHELLS;15211.0;4
0;20695.0;Charlie;Peter;SEASHELLS;15193.0;5
0;20706.0;Charlie;Peter;SEASHELLS;15179.0;5
0;20716.0;Charlie;Pablo;SEASHELLS;15178.0;11
0;20721.0;Charlie;Pablo;SEASHELLS;15182.0;9
0;20825.0;Caesar;Caesar;SEASHELLS;15185.0;32
0;20855.0;Caesar;Pablo;SEASHELLS;15205.0;10
0;20867.0;Caesar;Peter;SEASHELLS;15217.0;4
0;20885.0;Charlie;Peter;SEASHELLS;15233.0;3
0;20900.0;Caesar;Peter;SEASHELLS;15240.0;4
0;20924.0;Peter;Charlie;SEASHELLS;15242.0;2
0;20961.0;Pablo;Caesar;SEASHELLS;15212.0;11
0;20963.0;Charlie;Pablo;SEASHELLS;15212.0;15
0;21024.0;Caesar;Pablo;SEASHELLS;15237.0;9
0;21075.0;Charlie;Pablo;SEASHELLS;15219.0;7
0;21096.0;Peter;Caesar;SEASHELLS;15229.0;2
0;21121.0;Charlie;Peter;SEASHELLS;15210.0;3
0;21159.0;Peter;Charlie;SEASHELLS;15213.0;2
0;21178.0;Caesar;Pablo;SEASHELLS;15216.0;12
0;21186.0;Caesar;Caesar;SEASHELLS;15219.0;28
0;21186.0;Caesar;Caesar;SEASHELLS;15219.0;2
0;21270.0;Charlie;Pablo;SEASHELLS;15204.0;14
0;21278.0;Caesar;Pablo;SEASHELLS;15203.0;6
0;21304.0;Charlie;Pablo;SEASHELLS;15210.0;13
0;21343.0;Caesar;Pablo;SEASHELLS;15206.0;9
0;21419.0;Caesar;Caesar;SEASHELLS;15190.0;22
0;21429.0;Caesar;Caesar;SEASHELLS;15188.0;2
0;21429.0;Caesar;Caesar;SEASHELLS;15188.0;28
0;21450.0;Peter;Charlie;SEASHELLS;15185.0;3
0;21492.0;Peter;Charlie;SEASHELLS;15156.0;3
0;21515.0;Caesar;Caesar;SEASHELLS;15153.0;34
0;21541.0;Caesar;Pablo;SEASHELLS;15185.0;14
0;21724.0;Charlie;Peter;SEASHELLS;15184.0;5
0;21760.0;Charlie;Pablo;SEASHELLS;15171.0;10
0;21762.0;Charlie;Peter;SEASHELLS;15163.0;2
0;21772.0;Caesar;Caesar;SEASHELLS;15159.0;34
0;21781.0;Charlie;Pablo;SEASHELLS;15156.0;14
0;21782.0;Caesar;Pablo;SEASHELLS;15157.0;15
0;21786.0;Charlie;Peter;SEASHELLS;15158.0;2
0;21807.0;Charlie;Pablo;SEASHELLS;15159.0;9
0;21821.0;Peter;Charlie;SEASHELLS;15160.0;2
0;21844.0;Caesar;Peter;SEASHELLS;15158.0;4
0;21864.0;Caesar;Pablo;SEASHELLS;15160.0;14
0;21876.0;Charlie;Peter;SEASHELLS;15161.0;2
0;21882.0;Charlie;Pablo;SEASHELLS;15161.0;6
0;21893.0;Charlie;Peter;SEASHELLS;15160.0;3
0;21898.0;Charlie;Pablo;SEASHELLS;15157.0;15
0;21929.0;Peter;Caesar;SEASHELLS;15148.0;2
0;21933.0;Charlie;Peter;SEASHELLS;15144.0;4
0;21949.0;Caesar;Pablo;SEASHELLS;15150.0;10
0;21955.0;Charlie;Peter;SEASHELLS;15158.0;2
0;22019.0;Pablo;Caesar;SEASHELLS;15178.0;8
0;22020.0;Charlie;Pablo;SEASHELLS;15179.0;6
0;22026.0;Caesar;Pablo;SEASHELLS;15179.0;13
0;22041.0;Caesar;Caesar;SEASHELLS;15174.0;20
0;22041.0;Caesar;Caesar;SEASHELLS;15174.0;5
0;22070.0;Peter;Caesar;SEASHELLS;15173.0;5
0;22075.0;Pablo;Caesar;SEASHELLS;15172.0;7
0;22087.0;Peter;Charlie;SEASHELLS;15185.0;4
0;22101.0;Peter;Caesar;SEASHELLS;15187.0;3
0;22118.0;Caesar;Caesar;SEASHELLS;15198.0;6
0;22118.0;Caesar;Caesar;SEASHELLS;15198.0;21
0;22158.0;Charlie;Pablo;SEASHELLS;15180.0;13
0;22205.0;Caesar;Peter;SEASHELLS;15183.0;5
0;22226.0;Caesar;Peter;SEASHELLS;15176.0;5
0;22229.0;Charlie;Pablo;SEASHELLS;15172.0;11
0;22310.0;Caesar;Caesar;SEASHELLS;15148.0;20
0;22319.0;Peter;Charlie;SEASHELLS;15150.0;3
0;22325.0;Charlie;Peter;SEASHELLS;15142.0;5
0;22349.0;Charlie;Pablo;SEASHELLS;15143.0;13
0;22378.0;Charlie;Peter;SEASHELLS;15136.0;3
0;22469.0;Caesar;Caesar;SEASHELLS;15130.0;26
0;22477.0;Charlie;Peter;SEASHELLS;15131.0;2
0;22515.0;Charlie;Pablo;SEASHELLS;15131.0;7
0;22533.0;Charlie;Peter;SEASHELLS;15108.0;4
0;22553.0;Peter;Charlie;SEASHELLS;15121.0;4
0;22558.0;Caesar;Caesar;SEASHELLS;15121.0;26
0;22561.0;Charlie;Pablo;SEASHELLS;15119.0;5
0;22571.0;Charlie;Pablo;SEASHELLS;15116.0;10
0;22589.0;Caesar;Pablo;SEASHELLS;15117.0;6
0;22685.0;Peter;Charlie;SEASHELLS;15076.0;5
0;22687.0;Caesar;Caesar;SEASHELLS;15073.0;25
0;22767.0;Charlie;Pablo;SEASHELLS;15110.0;10
0;22836.0;Peter;Charlie;SEASHELLS;15094.0;5
0;22864.0;Pablo;Caesar;SEASHELLS;15092.0;13
0;22879.0;Peter;Charlie;SEASHELLS;15095.0;4
0;22963.0;Charlie;Peter;SEASHELLS;15073.0;3
0;23035.0;Peter;Charlie;SEASHELLS;15080.0;5
0;23159.0;Pablo;Caesar;SEASHELLS;15098.0;11
0;23203.0;Charlie;Pablo;SEASHELLS;15116.0;9
0;23215.0;Caesar;Peter;SEASHELLS;15116.0;2
0;23244.0;Peter;Charlie;SEASHELLS;15103.0;5
0;23260.0;Charlie;Pablo;SEASHELLS;15104.0;10
0;23272.0;Caesar;Caesar;SEASHELLS;15108.0;21
0;23319.0;Caesar;Caesar;SEASHELLS;15100.0;20
0;23319.0;Caesar;Caesar;SEASHELLS;15100.0;19
0;23354.0;Peter;Charlie;SEASHELLS;15097.0;4
0;23359.0;Caesar;Caesar;SEASHELLS;15096.0;27
0;23386.0;Peter;Charlie;SEASHELLS;15109.0;4
0;23445.0;Charlie;Pablo;SEASHELLS;15125.0;7
0;23498.0;Caesar;Pablo;SEASHELLS;15111.0;12
0;23523.0;Caesar;Pablo;SEASHELLS;15117.0;6
0;23529.0;Caesar;Caesar;SEASHELLS;15128.0;10
0;23529.0;Pablo;Caesar;SEASHELLS;15128.0;11
0;23549.0;Caesar;Caesar;SEASHELLS;15113.0;24
0;23554.0;Charlie;Pablo;SEASHELLS;15121.0;12
0;23597.0;Peter;Charlie;SEASHELLS;15125.0;2
0;23698.0;Caesar;Caesar;SEASHELLS;15118.0;26
0;23749.0;Peter;Caesar;SEASHELLS;15130.0;4
0;23887.0;Charlie;Pablo;SEASHELLS;15134.0;5
0;23906.0;Charlie;Pablo;SEASHELLS;15140.0;8
0;23935.0;Caesar;Peter;SEASHELLS;15150.0;2
0;23952.0;Peter;Caesar;SEASHELLS;15162.0;2
0;23964.0;Caesar;Caesar;SEASHELLS;15163.0;28
0;23964.0;Caesar;Caesar;SEASHELLS;15163.0;8
0;24126.0;Caesar;Caesar;SEASHELLS;15168.0;28
0;24142.0;Caesar;Caesar;SEASHELLS;15164.0;20
0;24149.0;Charlie;Peter;SEASHELLS;15167.0;4
0;24173.0;Peter;Charlie;SEASHELLS;15185.0;3
0;24236.0;Caesar;Caesar;SEASHELLS;15162.0;36
0;24268.0;Caesar;Pablo;SEASHELLS;15172.0;11
0;24291.0;Caesar;Caesar;SEASHELLS;15170.0;35
0;24363.0;Caesar;Pablo;SEASHELLS;15168.0;7
0;24456.0;Peter;Charlie;SEASHELLS;15175.0;4
0;24499.0;Caesar;Caesar;SEASHELLS;15179.0;32
0;24499.0;Caesar;Caesar;SEASHELLS;15179.0;8
0;24529.0;Caesar;Caesar;SEASHELLS;15175.0;21
0;24555.0;Peter;Charlie;SEASHELLS;15168.0;3
0;24560.0;Peter;Charlie;SEASHELLS;15166.0;3
0;24566.0;Caesar;Caesar;SEASHELLS;15157.0;21
0;24626.0;Caesar;Peter;SEASHELLS;15151.0;2
0;24698.0;Charlie;Pablo;SEASHELLS;15142.0;9
0;24705.0;Caesar;Caesar;SEASHELLS;15146.0;22
0;24736.0;Charlie;Pablo;SEASHELLS;15153.0;12
0;24737.0;Caesar;Caesar;SEASHELLS;15156.0;35
0;24761.0;Caesar;Caesar;SEASHELLS;15136.0;8
0;24761.0;Caesar;Caesar;SEASHELLS;15136.0;28
0;24854.0;Caesar;Caesar;SEASHELLS;15145.0;3
0;24854.0;Caesar;Caesar;SEASHELLS;15145.0;29
0;24875.0;Charlie;Pablo;SEASHELLS;15125.0;13
0;24901.0;Caesar;Pablo;SEASHELLS;15144.0;11
0;24925.0;Caesar;Caesar;SEASHELLS;15146.0;20
0;24926.0;Charlie;Pablo;SEASHELLS;15145.0;11
0;24927.0;Pablo;Caesar;SEASHELLS;15144.0;13
0;24927.0;Caesar;Caesar;SEASHELLS;15144.0;11
0;25072.0;Charlie;Pablo;SEASHELLS;15126.0;10
0;25244.0;Charlie;Pablo;SEASHELLS;15068.0;6
0;25252.0;Charlie;Peter;SEASHELLS;15065.0;5
0;25353.0;Caesar;Caesar;SEASHELLS;15099.0;26
0;25391.0;Charlie;Pablo;SEASHELLS;15090.0;15
0;25392.0;Caesar;Caesar;SEASHELLS;15089.0;26
0;25462.0;Caesar;Pablo;SEASHELLS;15081.0;9
0;25517.0;Charlie;Peter;SEASHELLS;15064.0;2
0;25542.0;Peter;Charlie;SEASHELLS;15080.0;4
0;25576.0;Charlie;Peter;SEASHELLS;15072.0;3
0;25581.0;Caesar;Caesar;SEASHELLS;15082.0;37
0;25581.0;Caesar;Caesar;SEASHELLS;15082.0;2
0;25614.0;Charlie;Peter;SEASHELLS;15081.0;4
0;25617.0;Charlie;Peter;SEASHELLS;15082.0;2
0;25627.0;Peter;Charlie;SEASHELLS;15090.0;3
0;25636.0;Charlie;Pablo;SEASHELLS;15090.0;7
0;25730.0;Charlie;Pablo;SEASHELLS;15088.0;15
0;25768.0;Charlie;Pablo;SEASHELLS;15075.0;12
0;25857.0;Peter;Charlie;SEASHELLS;15060.0;4
0;25869.0;Peter;Charlie;SEASHELLS;15054.0;2
0;25873.0;Caesar;Caesar;SEASHELLS;15047.0;28
0;26096.0;Caesar;Caesar;SEASHELLS;15057.0;38
0;26096.0;Caesar;Caesar;SEASHELLS;15057.0;1
0;26107.0;Caesar;Peter;SEASHELLS;15067.0;2
0;26115.0;Caesar;Caesar;SEASHELLS;15068.0;30
0;26153.0;Pablo;Caesar;SEASHELLS;15059.0;7
0;26217.0;Caesar;Caesar;SEASHELLS;15052.0;29
0;26217.0;Caesar;Caesar;SEASHELLS;15052.0;7
0;26348.0;Charlie;Pablo;SEASHELLS;15028.0;10
0;26348.0;Charlie;Peter;SEASHELLS;15028.0;2
0;26406.0;Peter;Charlie;SEASHELLS;15057.0;4
0;26429.0;Caesar;Caesar;SEASHELLS;15043.0;3
0;26429.0;Caesar;Caesar;SEASHELLS;15043.0;28
0;26437.0;Caesar;Pablo;SEASHELLS;15040.0;11
0;26461.0;Charlie;Pablo;SEASHELLS;15039.0;10
0;26514.0;Caesar;Peter;SEASHELLS;15062.0;5
0;26547.0;Caesar;Caesar;SEASHELLS;15061.0;28
0;26575.0;Pablo;Caesar;SEASHELLS;15057.0;5
0;26607.0;Caesar;Peter;SEASHELLS;15035.0;2
0;26646.0;Charlie;Peter;SEASHELLS;15013.0;3
0;26659.0;Caesar;Pablo;SEASHELLS;15008.0;7
0;26709.0;Caesar;Pablo;SEASHELLS;15013.0;12
0;26768.0;Caesar;Pablo;SEASHELLS;15027.0;8
0;26839.0;Caesar;Caesar;SEASHELLS;15018.0;30
0;26923.0;Caesar;Pablo;SEASHELLS;15044.0;9
0;26998.0;Charlie;Pablo;SEASHELLS;15056.0;12
0;27001.0;Caesar;Caesar;SEASHELLS;15056.0;26
0;27028.0;Peter;Caesar;SEASHELLS;15038.0;2
0;27049.0;Caesar;Peter;SEASHELLS;15033.0;2
0;27111.0;Caesar;Caesar;SEASHELLS;15027.0;34
0;27119.0;Charlie;Peter;SEASHELLS;15033.0;2
0;27120.0;Caesar;Caesar;SEASHELLS;15035.0;24
0;27196.0;Caesar;Caesar;SEASHELLS;15022.0;20
0;27199.0;Peter;Charlie;SEASHELLS;15019.0;3
0;27245.0;Caesar;Peter;SEASHELLS;15028.0;2
0;27247.0;Charlie;Peter;SEASHELLS;15027.0;3
0;27324.0;Caesar;Peter;SEASHELLS;15035.0;4
0;27325.0;Peter;Charlie;SEASHELLS;15038.0;4
0;27337.0;Peter;Caesar;SEASHELLS;15034.0;5
0;27363.0;Charlie;Pablo;SEASHELLS;15032.0;9
0;27378.0;Charlie;Peter;SEASHELLS;15056.0;5
0;27385.0;Peter;Charlie;SEASHELLS;15053.0;5
0;27427.0;Caesar;Caesar;SEASHELLS;15041.0;23
0;27427.0;Caesar;Caesar;SEASHELLS;15041.0;5
0;27436.0;Pablo;Caesar;SEASHELLS;15043.0;13
0;27438.0;Pablo;Caesar;SEASHELLS;15038.0;5
0;27509.0;Charlie;Peter;SEASHELLS;15052.0;4
0;27625.0;Charlie;Peter;SEASHELLS;15068.0;2
0;27751.0;Caesar;Caesar;SEASHELLS;15042.0;24
0;27798.0;Peter;Charlie;SEASHELLS;15031.0;2
0;27800.0;Charlie;Peter;SEASHELLS;15029.0;5
0;27813.0;Caesar;Pablo;SEASHELLS;15027.0;5
0;27825.0;Peter;Charlie;SEASHELLS;15036.0;2
0;27833.0;Peter;Charlie;SEASHELLS;15037.0;3
0;27843.0;Peter;Charlie;SEASHELLS;15036.0;3
0;27844.0;Caesar;Caesar;SEASHELLS;15033.0;25
0;27862.0;Peter;Charlie;SEASHELLS;15029.0;5
0;27878.0;Caesar;Pablo;SEASHELLS;15041.0;7
0;27881.0;Caesar;Pablo;SEASHELLS;15038.0;15
0;27887.0;Charlie;Peter;SEASHELLS;15033.0;4
0;27935.0;Caesar;Pablo;SEASHELLS;15021.0;14
0;28008.0;Charlie;Peter;SEASHELLS;15030.0;3
0;28023.0;Caesar;Caesar;SEASHELLS;15039.0;11
0;28023.0;Caesar;Caesar;SEASHELLS;15039.0;29
0;28112.0;Caesar;Caesar;SEASHELLS;15062.0;25
0;28172.0;Pablo;Caesar;SEASHELLS;15036.0;6
0;28231.0;Caesar;Peter;SEASHELLS;15021.0;4
0;28233.0;Peter;Charlie;SEASHELLS;15016.0;5
0;28281.0;Charlie;Pablo;SEASHELLS;15010.0;13
0;28312.0;Charlie;Peter;SEASHELLS;15021.0;5
0;28390.0;Caesar;Caesar;SEASHELLS;15066.0;30
0;28484.0;Peter;Caesar;SEASHELLS;15057.0;2
0;28486.0;Caesar;Peter;SEASHELLS;15053.0;4
0;28526.0;Charlie;Peter;SEASHELLS;15048.0;5
0;28527.0;Charlie;Peter;SEASHELLS;15047.0;5
0;28532.0;Caesar;Caesar;SEASHELLS;15047.0;22
0;28546.0;Charlie;Peter;SEASHELLS;15058.0;5
0;28549.0;Caesar;Pablo;SEASHELLS;15060.0;8
0;28549.0;Peter;Caesar;SEASHELLS;15062.0;4
0;28553.0;Charlie;Peter;SEASHELLS;15065.0;5
0;28590.0;Caesar;Pablo;SEASHELLS;15051.0;15
0;28684.0;Charlie;Peter;SEASHELLS;15067.0;2
0;28686.0;Caesar;Peter;SEASHELLS;15069.0;2
0;28707.0;Charlie;Pablo;SEASHELLS;15051.0;14
0;28783.0;Caesar;Peter;SEASHELLS;15074.0;2
0;28818.0;Charlie;Pablo;SEASHELLS;15075.0;7
0;28823.0;Peter;Charlie;SEASHELLS;15091.0;2
0;28829.0;Caesar;Caesar;SEASHELLS;15081.0;26
0;28907.0;Caesar;Pablo;SEASHELLS;15036.0;6
0;28925.0;Caesar;Caesar;SEASHELLS;15036.0;24
0;28934.0;Caesar;Pablo;SEASHELLS;15040.0;14
0;28945.0;Caesar;Pablo;SEASHELLS;15036.0;13
0;29021.0;Peter;Charlie;SEASHELLS;15057.0;5
0;29055.0;Charlie;Peter;SEASHELLS;15056.0;3
0;29153.0;Caesar;Pablo;SEASHELLS;15015.0;11
0;29171.0;Caesar;Peter;SEASHELLS;15017.0;2
0;29206.0;Caesar;Caesar;SEASHELLS;15019.0;27
0;29206.0;Peter;Caesar;SEASHELLS;15019.0;3
0;29225.0;Caesar;Peter;SEASHELLS;15015.0;4
0;29297.0;Peter;Charlie;SEASHELLS;15049.0;2
0;29348.0;Peter;Caesar;SEASHELLS;15036.0;2
0;29381.0;Peter;Caesar;SEASHELLS;15016.0;3
0;29390.0;Caesar;Caesar;SEASHELLS;15018.0;26
0;29390.0;Caesar;Caesar;SEASHELLS;15018.0;6
0;29421.0;Pablo;Caesar;SEASHELLS;15041.0;8
0;29475.0;Peter;Charlie;SEASHELLS;15035.0;5
0;29499.0;Pablo;Caesar;SEASHELLS;15028.0;10
0;29507.0;Peter;Caesar;SEASHELLS;15027.0;2
0;29519.0;Caesar;Peter;SEASHELLS;15016.0;2
0;29600.0;Charlie;Peter;SEASHELLS;15005.0;3
0;29611.0;Charlie;Peter;SEASHELLS;15006.0;4
0;29821.0;Caesar;Peter;SEASHELLS;14962.0;3
0;29823.0;Caesar;Caesar;SEASHELLS;14963.0;20
0;29939.0;Charlie;Pablo;SEASHELLS;14977.0;13
1;30020.0;Caesar;Pablo;SEASHELLS;14998.0;13
1;30101.0;Charlie;Peter;SEASHELLS;14980.0;4
1;30152.0;Caesar;Caesar;SEASHELLS;14985.0;27
1;30155.0;Caesar;Peter;SEASHELLS;14979.0;4
1;30174.0;Charlie;Peter;SEASHELLS;14981.0;2
1;30220.0;Caesar;Peter;SEASHELLS;14967.0;2
1;30268.0;Peter;Charlie;SEASHELLS;14959.0;5
1;30312.0;Peter;Caesar;SEASHELLS;14943.0;2
1;30357.0;Charlie;Pablo;SEASHELLS;14956.0;11
1;30388.0;Charlie;Peter;SEASHELLS;14954.0;5
1;30447.0;Caesar;Caesar;SEASHELLS;14944.0;31
1;30447.0;Caesar;Caesar;SEASHELLS;14944.0;3
1;30453.0;Charlie;Peter;SEASHELLS;14938.0;4
1;30491.0;Caesar;Peter;SEASHELLS;14950.0;4
1;30499.0;Caesar;Peter;SEASHELLS;14944.0;3
1;30510.0;Charlie;Peter;SEASHELLS;14942.0;5
1;30526.0;Caesar;Pablo;SEASHELLS;14953.0;14
1;30632.0;Caesar;Pablo;SEASHELLS;14962.0;13
1;30862.0;Caesar;Peter;SEASHELLS;14954.0;2
1;30870.0;Caesar;Peter;SEASHELLS;14952.0;5
1;30906.0;Peter;Charlie;SEASHELLS;14945.0;3
1;30920.0;Caesar;Caesar;SEASHELLS;14943.0;29
1;30992.0;Charlie;Pablo;SEASHELLS;14966.0;6
1;31003.0;Caesar;Pablo;SEASHELLS;14961.0;11
1;31059.0;Caesar;Caesar;SEASHELLS;14977.0;22
1;31093.0;Peter;Caesar;SEASHELLS;14978.0;3
1;31149.0;Pablo;Caesar;SEASHELLS;14962.0;8
1;31262.0;Peter;Charlie;SEASHELLS;14925.0;5
1;31350.0;Caesar;Peter;SEASHELLS;14914.0;2
1;31370.0;Charlie;Peter;SEASHELLS;14907.0;3
1;31376.0;Charlie;Pablo;SEASHELLS;14899.0;8
1;31498.0;Charlie;Peter;SEASHELLS;14890.0;4
1;31631.0;Caesar;Caesar;SEASHELLS;14888.0;20
1;31645.0;Caesar;Pablo;SEASHELLS;14897.0;15
1;31676.0;Caesar;Caesar;SEASHELLS;14891.0;20
1;31725.0;Charlie;Peter;SEASHELLS;14911.0;5
1;31748.0;Caesar;Peter;SEASHELLS;14915.0;5
1;31764.0;Peter;Charlie;SEASHELLS;14905.0;3
1;31774.0;Charlie;Peter;SEASHELLS;14905.0;2
1;31792.0;Caesar;Pablo;SEASHELLS;14912.0;7
1;31906.0;Peter;Caesar;SEASHELLS;14907.0;4
1;31918.0;Caesar;Peter;SEASHELLS;14905.0;3
1;31990.0;Caesar;Caesar;SEASHELLS;14917.0;22
1;32022.0;Caesar;Pablo;SEASHELLS;14923.0;6
1;32051.0;Caesar;Caesar;SEASHELLS;14944.0;23
1;32092.0;Caesar;Caesar;SEASHELLS;14952.0;32
1;32135.0;Charlie;Pablo;SEASHELLS;14960.0;5
1;32169.0;Caesar;Caesar;SEASHELLS;14963.0;5
1;32169.0;Caesar;Caesar;SEASHELLS;14963.0;28
1;32269.0;Pablo;Peter;SEASHELLS;14959.0;5
1;32301.0;Pablo;Caesar;SEASHELLS;14978.0;9
1;32332.0;Caesar;Pablo;SEASHELLS;14985.0;14
1;32366.0;Pablo;Caesar;SEASHELLS;14992.0;9
1;32369.0;Peter;Caesar;SEASHELLS;14995.0;4
1;32377.0;Charlie;Peter;SEASHELLS;15004.0;2
1;32460.0;Caesar;Caesar;SEASHELLS;14984.0;23
1;32495.0;Peter;Caesar;SEASHELLS;14995.0;4
1;32499.0;Peter;Caesar;SEASHELLS;14990.0;2
1;32548.0;Charlie;Peter;SEASHELLS;15002.0;2
1;32551.0;Peter;Caesar;SEASHELLS;15006.0;5
1;32556.0;Pablo;Caesar;SEASHELLS;15006.0;6
1;32566.0;Caesar;Caesar;SEASHELLS;15004.0;30
1;32583.0;Peter;Charlie;SEASHELLS;15006.0;3
1;32595.0;Peter;Charlie;SEASHELLS;15017.0;3
1;32618.0;Peter;Charlie;SEASHELLS;15018.0;5
1;32651.0;Charlie;Pablo;SEASHELLS;15001.0;11
1;32678.0;Peter;Charlie;SEASHELLS;15007.0;5
1;32787.0;Caesar;Peter;SEASHELLS;14942.0;5
1;32912.0;Charlie;Pablo;SEASHELLS;14938.0;8
1;32956.0;Peter;Charlie;SEASHELLS;14917.0;4
1;32973.0;Peter;Charlie;SEASHELLS;14915.0;4
1;33002.0;Caesar;Pablo;SEASHELLS;14914.0;6
1;33015.0;Caesar;Caesar;SEASHELLS;14910.0;27
1;33141.0;Caesar;Peter;SEASHELLS;14932.0;4
1;33168.0;Charlie;Pablo;SEASHELLS;14922.0;5
1;33224.0;Charlie;Pablo;SEASHELLS;14898.0;8
1;33355.0;Caesar;Caesar;SEASHELLS;14906.0;25
1;33372.0;Peter;Caesar;SEASHELLS;14895.0;2
1;33410.0;Caesar;Caesar;SEASHELLS;14878.0;38
1;33476.0;Peter;Charlie;SEASHELLS;14872.0;3
1;33538.0;Charlie;Peter;SEASHELLS;14857.0;4
1;33596.0;Charlie;Peter;SEASHELLS;14869.0;5
1;33651.0;Caesar;Pablo;SEASHELLS;14850.0;9
1;33686.0;Caesar;Caesar;SEASHELLS;14836.0;25
1;33703.0;Caesar;Caesar;SEASHELLS;14818.0;26
1;33726.0;Peter;Charlie;SEASHELLS;14827.0;5
1;33744.0;Peter;Caesar;SEASHELLS;14817.0;3
1;33745.0;Caesar;Caesar;SEASHELLS;14817.0;32
1;33782.0;Charlie;Pablo;SEASHELLS;14796.0;9
1;33790.0;Caesar;Caesar;SEASHELLS;14799.0;35
1;33816.0;Charlie;Peter;SEASHELLS;14812.0;2
1;33850.0;Caesar;Caesar;SEASHELLS;14825.0;23
1;33877.0;Peter;Charlie;SEASHELLS;14826.0;2
1;33880.0;Peter;Charlie;SEASHELLS;14825.0;3
1;33904.0;Charlie;Pablo;SEASHELLS;14836.0;5
1;33983.0;Peter;Charlie;SEASHELLS;14852.0;5
1;33992.0;Caesar;Caesar;SEASHELLS;14859.0;29
1;34032.0;Peter;Caesar;SEASHELLS;14886.0;4
1;34033.0;Peter;Charlie;SEASHELLS;14887.0;2
1;34046.0;Caesar;Caesar;SEASHELLS;14896.0;21
1;34046.0;Caesar;Caesar;SEASHELLS;14896.0;6
1;34052.0;Caesar;Caesar;SEASHELLS;14894.0;27
1;34071.0;Charlie;Pablo;SEASHELLS;14899.0;10
1;34098.0;Caesar;Pablo;SEASHELLS;14901.0;7
1;34104.0;Caesar;Peter;SEASHELLS;14907.0;4
1;34179.0;Peter;Caesar;SEASHELLS;14903.0;3
1;34182.0;Pablo;Caesar;SEASHELLS;14899.0;12
1;34210.0;Caesar;Peter;SEASHELLS;14892.0;3
1;34282.0;Pablo;Caesar;SEASHELLS;14900.0;13
1;34365.0;Caesar;Pablo;SEASHELLS;14897.0;11
1;34418.0;Caesar;Caesar;SEASHELLS;14881.0;29
1;34424.0;Caesar;Caesar;SEASHELLS;14885.0;8
1;34424.0;Caesar;Caesar;SEASHELLS;14885.0;23
1;34433.0;Peter;Charlie;SEASHELLS;14887.0;4
1;34467.0;Caesar;Caesar;SEASHELLS;14887.0;27
1;34483.0;Charlie;Pablo;SEASHELLS;14881.0;15
1;34555.0;Peter;Charlie;SEASHELLS;14883.0;4
1;34567.0;Peter;Charlie;SEASHELLS;14874.0;5
1;34609.0;Charlie;Peter;SEASHELLS;14878.0;2
1;34691.0;Caesar;Caesar;SEASHELLS;14898.0;37
1;34786.0;Charlie;Pablo;SEASHELLS;14915.0;9
1;34807.0;Caesar;Caesar;SEASHELLS;14906.0;28
1;34824.0;Pablo;Caesar;SEASHELLS;14899.0;10
1;34844.0;Peter;Caesar;SEASHELLS;14899.0;5
1;34871.0;Pablo;Caesar;SEASHELLS;14910.0;8
1;34895.0;Charlie;Peter;SEASHELLS;14912.0;2
1;34907.0;Peter;Caesar;SEASHELLS;14910.0;4
1;34917.0;Caesar;Peter;SEASHELLS;14916.0;3
1;34972.0;Caesar;Caesar;SEASHELLS;14937.0;22
1;35035.0;Charlie;Peter;SEASHELLS;14934.0;4
1;35064.0;Peter;Caesar;SEASHELLS;14943.0;2
1;35080.0;Caesar;Peter;SEASHELLS;14940.0;4
1;35082.0;Charlie;Peter;SEASHELLS;14938.0;5
1;35085.0;Pablo;Caesar;SEASHELLS;14944.0;14
1;35104.0;Peter;Charlie;SEASHELLS;14953.0;4
1;35154.0;Caesar;Caesar;SEASHELLS;14942.0;26
1;35155.0;Peter;Charlie;SEASHELLS;14946.0;3
1;35163.0;Caesar;Pablo;SEASHELLS;14946.0;9
1;35196.0;Pablo;Caesar;SEASHELLS;14952.0;10
1;35232.0;Peter;Charlie;SEASHELLS;14963.0;5
1;35363.0;Caesar;Pablo;SEASHELLS;14956.0;14
1;35383.0;Charlie;Peter;SEASHELLS;14938.0;5
1;35511.0;Peter;Charlie;SEASHELLS;14876.0;4
1;35524.0;Peter;Charlie;SEASHELLS;14877.0;4
1;35529.0;Charlie;Peter;SEASHELLS;14880.0;4
1;35606.0;Peter;Charlie;SEASHELLS;14865.0;4
1;35617.0;Charlie;Peter;SEASHELLS;14863.0;3
1;35687.0;Caesar;Pablo;SEASHELLS;14856.0;7
1;35698.0;Caesar;Caesar;SEASHELLS;14851.0;10
1;35698.0;Caesar;Caesar;SEASHELLS;14851.0;20
1;35732.0;Peter;Caesar;SEASHELLS;14840.0;4
1;35733.0;Charlie;Peter;SEASHELLS;14836.0;2
1;35739.0;Charlie;Peter;SEASHELLS;14839.0;3
1;35813.0;Charlie;Pablo;SEASHELLS;14833.0;5
1;35821.0;Caesar;Peter;SEASHELLS;14843.0;5
1;35838.0;Caesar;Caesar;SEASHELLS;14847.0;31
1;35841.0;Peter;Caesar;SEASHELLS;14849.0;5
1;35868.0;Peter;Charlie;SEASHELLS;14865.0;5
1;35981.0;Caesar;Caesar;SEASHELLS;14872.0;22
1;36015.0;Peter;Charlie;SEASHELLS;14878.0;5
1;36023.0;Caesar;Caesar;SEASHELLS;14867.0;21
1;36119.0;Charlie;Pablo;SEASHELLS;14830.0;12
1;36208.0;Charlie;Peter;SEASHELLS;14824.0;2
1;36213.0;Pablo;Caesar;SEASHELLS;14822.0;7
1;36255.0;Caesar;Pablo;SEASHELLS;14818.0;10
1;36286.0;Caesar;Caesar;SEASHELLS;14835.0;24
1;36304.0;Caesar;Pablo;SEASHELLS;14843.0;13
1;36311.0;Peter;Charlie;SEASHELLS;14851.0;5
1;36318.0;Caesar;Pablo;SEASHELLS;14847.0;7
1;36328.0;Charlie;Peter;SEASHELLS;14845.0;2
1;36340.0;Pablo;Caesar;SEASHELLS;14858.0;9
1;36408.0;Caesar;Caesar;SEASHELLS;14857.0;4
1;36408.0;Caesar;Caesar;SEASHELLS;14857.0;31
1;36438.0;Caesar;Peter;SEASHELLS;14840.0;4
1;36456.0;Charlie;Peter;SEASHELLS;14831.0;4
1;36488.0;Caesar;Caesar;SEASHELLS;14834.0;26
1;36627.0;Peter;Charlie;SEASHELLS;14838.0;5
1;36647.0;Caesar;Pablo;SEASHELLS;14852.0;11
1;36658.0;Caesar;Peter;SEASHELLS;14859.0;4
1;36663.0;Caesar;Pablo;SEASHELLS;14863.0;7
1;36713.0;Charlie;Peter;SEASHELLS;14859.0;2
1;36798.0;Charlie;Peter;SEASHELLS;14866.0;3
1;36850.0;Peter;Charlie;SEASHELLS;14896.0;2
1;36880.0;Caesar;Pablo;SEASHELLS;14866.0;12
1;36883.0;Peter;Caesar;SEASHELLS;14870.0;2
1;36889.0;Caesar;Caesar;SEASHELLS;14865.0;30
1;36939.0;Peter;Charlie;SEASHELLS;14882.0;5
1;37058.0;Charlie;Peter;SEASHELLS;14876.0;4
1;37106.0;Caesar;Peter;SEASHELLS;14866.0;2
1;37120.0;Caesar;Caesar;SEASHELLS;14855.0;24
1;37168.0;Caesar;Pablo;SEASHELLS;14869.0;10
1;37265.0;Caesar;Caesar;SEASHELLS;14878.0;29
1;37265.0;Caesar;Caesar;SEASHELLS;14878.0;8
1;37292.0;Charlie;Pablo;SEASHELLS;14885.0;14
1;37292.0;Charlie;Peter;SEASHELLS;14885.0;2
1;37357.0;Charlie;Pablo;SEASHELLS;14877.0;11
1;37358.0;Caesar;Caesar;SEASHELLS;14880.0;39
1;37374.0;Caesar;Caesar;SEASHELLS;14885.0;21
1;37383.0;Caesar;Caesar;SEASHELLS;14882.0;22
1;37423.0;Caesar;Peter;SEASHELLS;14885.0;3
1;37440.0;Charlie;Peter;SEASHELLS;14881.0;4
1;37455.0;Pablo;Caesar;SEASHELLS;14899.0;10
1;37460.0;Caesar;Caesar;SEASHELLS;14895.0;27
1;37508.0;Charlie;Peter;SEASHELLS;14897.0;4
1;37525.0;Caesar;Pablo;SEASHELLS;14909.0;15
1;37531.0;Peter;Charlie;SEASHELLS;14900.0;3
1;37572.0;Peter;Charlie;SEASHELLS;14884.0;5
1;37692.0;Caesar;Pablo;SEASHELLS;14858.0;8
1;37716.0;Caesar;Pablo;SEASHELLS;14862.0;14
1;37757.0;Caesar;Caesar;SEASHELLS;14866.0;9
1;37757.0;Caesar;Caesar;SEASHELLS;14866.0;20
1;37788.0;Charlie;Pablo;SEASHELLS;14875.0;6
1;37846.0;Caesar;Pablo;SEASHELLS;14882.0;5
1;37850.0;Caesar;Pablo;SEASHELLS;14879.0;11
1;37900.0;Charlie;Pablo;SEASHELLS;14868.0;14
1;37903.0;Caesar;Pablo;SEASHELLS;14868.0;10
1;37945.0;Charlie;Pablo;SEASHELLS;14865.0;10
1;37960.0;Peter;Caesar;SEASHELLS;14856.0;5
1;37961.0;Charlie;Pablo;SEASHELLS;14856.0;12
1;37983.0;Caesar;Pablo;SEASHELLS;14856.0;13
1;37998.0;Charlie;Pablo;SEASHELLS;14858.0;15
1;38001.0;Caesar;Caesar;SEASHELLS;14856.0;22
1;38002.0;Caesar;Caesar;SEASHELLS;14858.0;27
1;38045.0;Charlie;Pablo;SEASHELLS;14854.0;10
1;38060.0;Peter;Charlie;SEASHELLS;14872.0;3
1;38084.0;Charlie;Peter;SEASHELLS;14871.0;4
1;38101.0;Charlie;Peter;SEASHELLS;14887.0;3
1;38121.0;Charlie;Peter;SEASHELLS;14879.0;2
1;38128.0;Caesar;Caesar;SEASHELLS;14886.0;21
1;38134.0;Charlie;Pablo;SEASHELLS;14873.0;6
1;38233.0;Caesar;Peter;SEASHELLS;14882.0;4
1;38265.0;Peter;Caesar;SEASHELLS;14866.0;5
1;38357.0;Charlie;Peter;SEASHELLS;14854.0;5
1;38450.0;Caesar;Pablo;SEASHELLS;14889.0;5
1;38475.0;Caesar;Caesar;SEASHELLS;14891.0;21
1;38510.0;Charlie;Peter;SEASHELLS;14897.0;4
1;38599.0;Caesar;Peter;SEASHELLS;14895.0;3
1;38631.0;Charlie;Pablo;SEASHELLS;14890.0;11
1;38663.0;Peter;Caesar;SEASHELLS;14874.0;4
1;38785.0;Pablo;Caesar;SEASHELLS;14860.0;7
1;38813.0;Charlie;Pablo;SEASHELLS;14873.0;13
1;38866.0;Caesar;Caesar;SEASHELLS;14875.0;25
1;38900.0;Caesar;Pablo;SEASHELLS;14877.0;5
1;38909.0;Charlie;Peter;SEASHELLS;14876.0;2
1;38928.0;Pablo;Caesar;SEASHELLS;14878.0;12
1;38931.0;Charlie;Pablo;SEASHELLS;14877.0;9
1;38942.0;Caesar;Caesar;SEASHELLS;14871.0;27
1;38980.0;Caesar;Pablo;SEASHELLS;14876.0;7
1;38984.0;Charlie;Pablo;SEASHELLS;14873.0;8
1;39014.0;Charlie;Peter;SEASHELLS;14894.0;3
1;39040.0;Charlie;Pablo;SEASHELLS;14903.0;7
1;39114.0;Peter;Charlie;SEASHELLS;14879.0;2
1;39126.0;Charlie;Peter;SEASHELLS;14868.0;4
1;39149.0;Caesar;Pablo;SEASHELLS;14868.0;9
1;39165.0;Peter;Caesar;SEASHELLS;14882.0;4
1;39247.0;Charlie;Pablo;SEASHELLS;14869.0;13
1;39286.0;Caesar;Peter;SEASHELLS;14860.0;5
1;39327.0;Charlie;Peter;SEASHELLS;14872.0;4
1;39345.0;Caesar;Pablo;SEASHELLS;14879.0;15
1;39349.0;Charlie;Pablo;SEASHELLS;14874.0;10
1;39417.0;Pablo;Caesar;SEASHELLS;14886.0;10
1;39459.0;Caesar;Peter;SEASHELLS;14888.0;2
1;39509.0;Caesar;Caesar;SEASHELLS;14886.0;20
1;39523.0;Caesar;Peter;SEASHELLS;14898.0;3
1;39550.0;Caesar;Peter;SEASHELLS;14885.0;4
1;39577.0;Charlie;Pablo;SEASHELLS;14879.0;11
1;39612.0;Caesar;Pablo;SEASHELLS;14871.0;10
1;39626.0;Caesar;Peter;SEASHELLS;14895.0;5
1;39685.0;Caesar;Caesar;SEASHELLS;14898.0;23
1;39685.0;Caesar;Caesar;SEASHELLS;14898.0;3
1;39702.0;Caesar;Pablo;SEASHELLS;14889.0;14
1;39771.0;Caesar;Caesar;SEASHELLS;14865.0;36
1;39839.0;Caesar;Caesar;SEASHELLS;14874.0;23
1;39847.0;Peter;Caesar;SEASHELLS;14864.0;4
1;39889.0;Peter;Charlie;SEASHELLS;14857.0;4
1;39908.0;Caesar;Peter;SEASHELLS;14866.0;3
1;39968.0;Caesar;Caesar;SEASHELLS;14854.0;22
1;39968.0;Caesar;Caesar;SEASHELLS;14854.0;9
1;39971.0;Charlie;Pablo;SEASHELLS;14853.0;10
1;39973.0;Charlie;Peter;SEASHELLS;14848.0;2
1;39997.0;Caesar;Caesar;SEASHELLS;14853.0;31
2;40081.0;Peter;Charlie;SEASHELLS;14829.0;2
2;40126.0;Caesar;Caesar;SEASHELLS;14852.0;21
2;40153.0;Charlie;Pablo;SEASHELLS;14859.0;8
2;40170.0;Caesar;Caesar;SEASHELLS;14864.0;21
2;40170.0;Caesar;Caesar;SEASHELLS;14864.0;11
2;40216.0;Charlie;Peter;SEASHELLS;14860.0;5
2;40265.0;Charlie;Peter;SEASHELLS;14869.0;2
2;40293.0;Caesar;Pablo;SEASHELLS;14876.0;8
2;40304.0;Caesar;Peter;SEASHELLS;14889.0;2
2;40324.0;Caesar;Caesar;SEASHELLS;14882.0;25
2;40377.0;Caesar;Caesar;SEASHELLS;14888.0;25
2;40458.0;Caesar;Caesar;SEASHELLS;14895.0;22
2;40464.0;Peter;Caesar;SEASHELLS;14894.0;4
2;40516.0;Peter;Charlie;SEASHELLS;14886.0;3
2;40630.0;Charlie;Peter;SEASHELLS;14825.0;3
2;40693.0;Charlie;Pablo;SEASHELLS;14837.0;13
2;40741.0;Caesar;Pablo;SEASHELLS;14840.0;12
2;40804.0;Charlie;Pablo;SEASHELLS;14820.0;8
2;40818.0;Charlie;Pablo;SEASHELLS;14819.0;7
2;40828.0;Pablo;Caesar;SEASHELLS;14817.0;12
2;40848.0;Peter;Charlie;SEASHELLS;14821.0;4
2;40885.0;Charlie;Pablo;SEASHELLS;14816.0;13
2;41055.0;Charlie;Peter;SEASHELLS;14870.0;2
2;41084.0;Pablo;Peter;SEASHELLS;14861.0;5
2;41111.0;Caesar;Caesar;SEASHELLS;14853.0;1
2;41111.0;Caesar;Caesar;SEASHELLS;14853.0;30
2;41118.0;Charlie;Peter;SEASHELLS;14844.0;3
2;41120.0;Charlie;Pablo;SEASHELLS;14839.0;5
2;41148.0;Caesar;Caesar;SEASHELLS;14846.0;23
2;41150.0;Peter;Caesar;SEASHELLS;14849.0;3
2;41226.0;Charlie;Peter;SEASHELLS;14816.0;4
2;41322.0;Charlie;Peter;SEASHELLS;14846.0;4
2;41362.0;Caesar;Caesar;SEASHELLS;14870.0;30
2;41375.0;Caesar;Caesar;SEASHELLS;14868.0;5
2;41375.0;Caesar;Caesar;SEASHELLS;14868.0;30
2;41411.0;Caesar;Caesar;SEASHELLS;14870.0;23
2;41416.0;Peter;Charlie;SEASHELLS;14870.0;4
2;41474.0;Peter;Charlie;SEASHELLS;14875.0;4
2;41511.0;Caesar;Caesar;SEASHELLS;14871.0;24
2;41511.0;Caesar;Pablo;SEASHELLS;14871.0;5
2;41538.0;Charlie;Peter;SEASHELLS;14862.0;5
2;41617.0;Caesar;Caesar;SEASHELLS;14890.0;26
2;41622.0;Caesar;Caesar;SEASHELLS;14888.0;40
2;41664.0;Charlie;Pablo;SEASHELLS;14901.0;10
2;41694.0;Charlie;Pablo;SEASHELLS;14903.0;13
2;41700.0;Charlie;Pablo;SEASHELLS;14899.0;15
2;41709.0;Caesar;Pablo;SEASHELLS;14905.0;6
2;41726.0;Caesar;Peter;SEASHELLS;14912.0;2
2;41745.0;Charlie;Peter;SEASHELLS;14925.0;5
2;41841.0;Caesar;Caesar;SEASHELLS;14916.0;27
2;41841.0;Caesar;Caesar;SEASHELLS;14916.0;8
2;41898.0;Caesar;Caesar;SEASHELLS;14928.0;33
2;41898.0;Caesar;Caesar;SEASHELLS;14928.0;3
2;42067.0;Caesar;Caesar;SEASHELLS;14918.0;24
2;42069.0;Pablo;Caesar;SEASHELLS;14919.0;12
2;42071.0;Caesar;Peter;SEASHELLS;14918.0;4
2;42112.0;Peter;Caesar;SEASHELLS;14908.0;2
2;42139.0;Pablo;Caesar;SEASHELLS;14909.0;7
2;42155.0;Peter;Caesar;SEASHELLS;14913.0;2
2;42162.0;Charlie;Pablo;SEASHELLS;14910.0;6
2;42236.0;Charlie;Pablo;SEASHELLS;14872.0;13
2;42261.0;Caesar;Caesar;SEASHELLS;14886.0;29
2;42381.0;Caesar;Caesar;SEASHELLS;14898.0;27
2;42429.0;Caesar;Peter;SEASHELLS;14909.0;2
2;42433.0;Caesar;Caesar;SEASHELLS;14911.0;21
2;42462.0;Charlie;Pablo;SEASHELLS;14899.0;7
2;42481.0;Peter;Charlie;SEASHELLS;14904.0;5
2;42508.0;Caesar;Caesar;SEASHELLS;14884.0;26
2;42521.0;Peter;Charlie;SEASHELLS;14888.0;5
2;42557.0;Caesar;Caesar;SEASHELLS;14867.0;24
2;42567.0;Caesar;Peter;SEASHELLS;14861.0;3
2;42576.0;Peter;Caesar;SEASHELLS;14864.0;3
2;42610.0;Caesar;Caesar;SEASHELLS;14878.0;32
2;42638.0;Caesar;Peter;SEASHELLS;14878.0;3
2;42655.0;Caesar;Caesar;SEASHELLS;14869.0;29
2;42690.0;Peter;Caesar;SEASHELLS;14856.0;3
2;42696.0;Charlie;Peter;SEASHELLS;14849.0;5
2;42702.0;Peter;Charlie;SEASHELLS;14848.0;2
2;42724.0;Charlie;Peter;SEASHELLS;14845.0;4
2;42745.0;Caesar;Caesar;SEASHELLS;14853.0;27
2;42755.0;Charlie;Pablo;SEASHELLS;14848.0;14
2;42755.0;Charlie;Peter;SEASHELLS;14848.0;3
2;42843.0;Caesar;Caesar;SEASHELLS;14833.0;29
2;42901.0;Peter;Charlie;SEASHELLS;14828.0;5
2;42908.0;Charlie;Peter;SEASHELLS;14827.0;2
2;42973.0;Peter;Charlie;SEASHELLS;14855.0;2
2;43000.0;Caesar;Caesar;SEASHELLS;14852.0;20
2;43007.0;Caesar;Caesar;SEASHELLS;14851.0;29
2;43037.0;Caesar;Caesar;SEASHELLS;14841.0;28
2;43096.0;Charlie;Pablo;SEASHELLS;14834.0;15
2;43212.0;Caesar;Peter;SEASHELLS;14841.0;3
2;43227.0;Caesar;Caesar;SEASHELLS;14839.0;24
2;43327.0;Caesar;Peter;SEASHELLS;14853.0;1
2;43327.0;Caesar;Caesar;SEASHELLS;14853.0;22
2;43340.0;Peter;Caesar;SEASHELLS;14857.0;3
2;43344.0;Caesar;Caesar;SEASHELLS;14859.0;32
2;43424.0;Peter;Charlie;SEASHELLS;14874.0;2
2;43427.0;Caesar;Peter;SEASHELLS;14874.0;3
2;43443.0;Caesar;Caesar;SEASHELLS;14870.0;21
2;43465.0;Charlie;Peter;SEASHELLS;14873.0;3
2;43487.0;Caesar;Peter;SEASHELLS;14835.0;5
2;43502.0;Caesar;Pablo;SEASHELLS;14839.0;13
2;43514.0;Caesar;Caesar;SEASHELLS;14835.0;33
2;43521.0;Caesar;Peter;SEASHELLS;14832.0;4
2;43591.0;Peter;Caesar;SEASHELLS;14847.0;3
2;43621.0;Charlie;Pablo;SEASHELLS;14831.0;6
2;43671.0;Caesar;Caesar;SEASHELLS;14832.0;2
2;43671.0;Caesar;Caesar;SEASHELLS;14832.0;34
2;43676.0;Charlie;Pablo;SEASHELLS;14836.0;11
2;43703.0;Charlie;Peter;SEASHELLS;14840.0;4
2;43784.0;Charlie;Pablo;SEASHELLS;14839.0;9
2;43792.0;Peter;Charlie;SEASHELLS;14851.0;2
2;43801.0;Charlie;Peter;SEASHELLS;14856.0;5
2;43860.0;Peter;Caesar;SEASHELLS;14859.0;2
2;43943.0;Caesar;Peter;SEASHELLS;14850.0;2
2;44037.0;Caesar;Peter;SEASHELLS;14847.0;2
2;44071.0;Caesar;Caesar;SEASHELLS;14833.0;38
2;44076.0;Caesar;Pablo;SEASHELLS;14831.0;12
2;44104.0;Caesar;Caesar;SEASHELLS;14832.0;36
2;44112.0;Caesar;Pablo;SEASHELLS;14824.0;13
2;44192.0;Caesar;Caesar;SEASHELLS;14826.0;31
2;44200.0;Caesar;Caesar;SEASHELLS;14826.0;20
2;44221.0;Peter;Charlie;SEASHELLS;14828.0;4
2;44232.0;Peter;Charlie;SEASHELLS;14832.0;3
2;44273.0;Caesar;Caesar;SEASHELLS;14837.0;22
2;44301.0;Charlie;Peter;SEASHELLS;14846.0;5
2;44357.0;Peter;Caesar;SEASHELLS;14867.0;3
2;44371.0;Caesar;Pablo;SEASHELLS;14878.0;10
2;44459.0;Caesar;Pablo;SEASHELLS;14882.0;6
2;44483.0;Charlie;Pablo;SEASHELLS;14894.0;12
2;44537.0;Peter;Caesar;SEASHELLS;14884.0;5
2;44627.0;Charlie;Peter;SEASHELLS;14889.0;2
2;44633.0;Peter;Charlie;SEASHELLS;14884.0;5
2;44649.0;Charlie;Peter;SEASHELLS;14883.0;4
2;44744.0;Peter;Charlie;SEASHELLS;14907.0;5
2;44751.0;Peter;Charlie;SEASHELLS;14908.0;5
2;44785.0;Peter;Charlie;SEASHELLS;14926.0;5
2;45139.0;Charlie;Peter;SEASHELLS;14933.0;2
2;45161.0;Charlie;Peter;SEASHELLS;14931.0;5
2;45199.0;Peter;Caesar;SEASHELLS;14932.0;5
2;45205.0;Caesar;Pablo;SEASHELLS;14931.0;9
2;45328.0;Peter;Charlie;SEASHELLS;14914.0;2
2;45397.0;Peter;Charlie;SEASHELLS;14955.0;3
2;45455.0;Caesar;Caesar;SEASHELLS;14928.0;22
2;45455.0;Caesar;Caesar;SEASHELLS;14928.0;13
2;45457.0;Peter;Caesar;SEASHELLS;14929.0;4
2;45635.0;Caesar;Caesar;SEASHELLS;14938.0;20
2;45636.0;Charlie;Pablo;SEASHELLS;14937.0;13
2;45661.0;Caesar;Peter;SEASHELLS;14939.0;4
2;45677.0;Caesar;Peter;SEASHELLS;14925.0;3
2;45778.0;Caesar;Caesar;SEASHELLS;14925.0;33
2;45786.0;Peter;Charlie;SEASHELLS;14925.0;2
2;45801.0;Caesar;Caesar;SEASHELLS;14920.0;26
2;45801.0;Caesar;Caesar;SEASHELLS;14920.0;11
2;45820.0;Caesar;Caesar;SEASHELLS;14919.0;13
2;45820.0;Caesar;Caesar;SEASHELLS;14919.0;25
2;45834.0;Charlie;Peter;SEASHELLS;14915.0;4
2;45941.0;Caesar;Caesar;SEASHELLS;14873.0;25
2;45954.0;Caesar;Peter;SEASHELLS;14888.0;4
2;46130.0;Charlie;Peter;SEASHELLS;14915.0;2
2;46216.0;Peter;Caesar;SEASHELLS;14908.0;3
2;46219.0;Peter;Charlie;SEASHELLS;14911.0;3
2;46238.0;Charlie;Pablo;SEASHELLS;14904.0;11
2;46377.0;Caesar;Caesar;SEASHELLS;14865.0;22
2;46434.0;Peter;Caesar;SEASHELLS;14869.0;2
2;46457.0;Pablo;Caesar;SEASHELLS;14888.0;11
2;46527.0;Caesar;Caesar;SEASHELLS;14896.0;14
2;46527.0;Caesar;Caesar;SEASHELLS;14896.0;21
2;46530.0;Peter;Caesar;SEASHELLS;14897.0;5
2;46534.0;Charlie;Peter;SEASHELLS;14894.0;4
2;46587.0;Peter;Caesar;SEASHELLS;14871.0;3
2;46606.0;Peter;Charlie;SEASHELLS;14845.0;5
2;46754.0;Charlie;Peter;SEASHELLS;14856.0;2
2;46811.0;Charlie;Pablo;SEASHELLS;14850.0;11
2;46892.0;Charlie;Pablo;SEASHELLS;14844.0;6
2;46908.0;Charlie;Pablo;SEASHELLS;14845.0;12
2;46926.0;Charlie;Pablo;SEASHELLS;14850.0;14
2;46946.0;Caesar;Caesar;SEASHELLS;14849.0;37
2;46977.0;Charlie;Peter;SEASHELLS;14836.0;2
2;46978.0;Charlie;Peter;SEASHELLS;14833.0;4
2;47063.0;Peter;Charlie;SEASHELLS;14848.0;3
2;47224.0;Caesar;Pablo;SEASHELLS;14839.0;9
2;47242.0;Caesar;Caesar;SEASHELLS;14841.0;30
2;47268.0;Caesar;Caesar;SEASHELLS;14839.0;27
2;47364.0;Caesar;Caesar;SEASHELLS;14858.0;35
2;47439.0;Charlie;Peter;SEASHELLS;14856.0;4
2;47443.0;Caesar;Peter;SEASHELLS;14862.0;5
2;47452.0;Caesar;Pablo;SEASHELLS;14866.0;5
2;47530.0;Peter;Charlie;SEASHELLS;14853.0;3
2;47595.0;Caesar;Pablo;SEASHELLS;14841.0;14
2;47611.0;Caesar;Pablo;SEASHELLS;14846.0;11
2;47664.0;Peter;Charlie;SEASHELLS;14855.0;5
2;47751.0;Charlie;Peter;SEASHELLS;14828.0;2
2;47789.0;Caesar;Peter;SEASHELLS;14825.0;2
2;47790.0;Charlie;Pablo;SEASHELLS;14827.0;12
2;47800.0;Peter;Charlie;SEASHELLS;14830.0;5
2;47801.0;Caesar;Caesar;SEASHELLS;14826.0;37
2;47801.0;Caesar;Caesar;SEASHELLS;14826.0;1
2;47811.0;Charlie;Pablo;SEASHELLS;14825.0;6
2;47845.0;Peter;Caesar;SEASHELLS;14823.0;4
2;47848.0;Charlie;Peter;SEASHELLS;14821.0;4
2;47900.0;Peter;Charlie;SEASHELLS;14828.0;3
2;48028.0;Caesar;Caesar;SEASHELLS;14858.0;37
2;48051.0;Caesar;Caesar;SEASHELLS;14828.0;2
2;48051.0;Caesar;Caesar;SEASHELLS;14828.0;27
2;48107.0;Peter;Charlie;SEASHELLS;14807.0;2
2;48108.0;Caesar;Caesar;SEASHELLS;14806.0;28
2;48170.0;Peter;Charlie;SEASHELLS;14784.0;4
2;48229.0;Charlie;Pablo;SEASHELLS;14780.0;13
2;48251.0;Caesar;Peter;SEASHELLS;14786.0;3
2;48257.0;Caesar;Caesar;SEASHELLS;14779.0;30
2;48259.0;Caesar;Caesar;SEASHELLS;14780.0;1
2;48259.0;Caesar;Caesar;SEASHELLS;14780.0;29
2;48278.0;Caesar;Caesar;SEASHELLS;14777.0;24
2;48280.0;Peter;Charlie;SEASHELLS;14783.0;2
2;48375.0;Charlie;Peter;SEASHELLS;14804.0;4
2;48399.0;Pablo;Caesar;SEASHELLS;14826.0;14
2;48560.0;Charlie;Pablo;SEASHELLS;14800.0;15
2;48814.0;Caesar;Pablo;SEASHELLS;14832.0;12
2;48846.0;Peter;Caesar;SEASHELLS;14848.0;3
2;48853.0;Peter;Caesar;SEASHELLS;14843.0;2
2;48854.0;Charlie;Peter;SEASHELLS;14840.0;3
2;48913.0;Caesar;Peter;SEASHELLS;14830.0;3
2;49033.0;Caesar;Caesar;SEASHELLS;14826.0;3
2;49033.0;Caesar;Caesar;SEASHELLS;14826.0;28
2;49116.0;Peter;Charlie;SEASHELLS;14823.0;2
2;49197.0;Pablo;Caesar;SEASHELLS;14840.0;12
2;49224.0;Caesar;Peter;SEASHELLS;14853.0;4
2;49226.0;Caesar;Caesar;SEASHELLS;14854.0;20
2;49226.0;Caesar;Caesar;SEASHELLS;14854.0;19
2;49277.0;Caesar;Pablo;SEASHELLS;14849.0;12
2;49318.0;Charlie;Pablo;SEASHELLS;14843.0;12
2;49324.0;Charlie;Pablo;SEASHELLS;14857.0;15
2;49363.0;Caesar;Peter;SEASHELLS;14877.0;5
2;49455.0;Peter;Charlie;SEASHELLS;14864.0;4
2;49523.0;Caesar;Caesar;SEASHELLS;14823.0;21
2;49550.0;Pablo;Caesar;SEASHELLS;14807.0;12
2;49618.0;Peter;Charlie;SEASHELLS;14814.0;4
2;49741.0;Charlie;Pablo;SEASHELLS;14824.0;11
2;49761.0;Caesar;Pablo;SEASHELLS;14824.0;10
2;49785.0;Caesar;Pablo;SEASHELLS;14835.0;13
2;49792.0;Pablo;Caesar;SEASHELLS;14847.0;5
2;49819.0;Peter;Caesar;SEASHELLS;14846.0;2
2;49877.0;Charlie;Pablo;SEASHELLS;14841.0;8
2;49890.0;Caesar;Pablo;SEASHELLS;14845.0;14
2;49908.0;Charlie;Peter;SEASHELLS;14850.0;2
2;49936.0;Caesar;Caesar;SEASHELLS;14858.0;21
2;49974.0;Caesar;Caesar;SEASHELLS;14845.0;22
3;50052.0;Peter;Caesar;SEASHELLS;14880.0;4
3;50063.0;Peter;Charlie;SEASHELLS;14884.0;5
3;50102.0;Caesar;Caesar;SEASHELLS;14881.0;29
3;50102.0;Caesar;Caesar;SEASHELLS;14881.0;3
3;50118.0;Caesar;Caesar;SEASHELLS;14889.0;22
3;50137.0;Charlie;Pablo;SEASHELLS;14900.0;11
3;50162.0;Charlie;Pablo;SEASHELLS;14894.0;6
3;50289.0;Caesar;Caesar;SEASHELLS;14902.0;32
3;50289.0;Caesar;Pablo;SEASHELLS;14902.0;3
3;50320.0;Charlie;Peter;SEASHELLS;14907.0;2
3;50345.0;Caesar;Peter;SEASHELLS;14911.0;2
3;50351.0;Charlie;Peter;SEASHELLS;14902.0;3
3;50377.0;Caesar;Caesar;SEASHELLS;14906.0;27
3;50402.0;Caesar;Caesar;SEASHELLS;14919.0;7
3;50402.0;Caesar;Caesar;SEASHELLS;14919.0;25
3;50418.0;Peter;Charlie;SEASHELLS;14909.0;3
3;50446.0;Caesar;Caesar;SEASHELLS;14898.0;25
3;50503.0;Caesar;Peter;SEASHELLS;14898.0;5
3;50529.0;Caesar;Peter;SEASHELLS;14920.0;4
3;50554.0;Caesar;Pablo;SEASHELLS;14919.0;13
3;50567.0;Caesar;Pablo;SEASHELLS;14916.0;9
3;50597.0;Caesar;Pablo;SEASHELLS;14920.0;7
3;50605.0;Caesar;Pablo;SEASHELLS;14916.0;12
3;50635.0;Peter;Caesar;SEASHELLS;14896.0;5
3;50686.0;Charlie;Peter;SEASHELLS;14904.0;4
3;50722.0;Charlie;Peter;SEASHELLS;14918.0;4
3;50762.0;Charlie;Peter;SEASHELLS;14910.0;3
3;50814.0;Pablo;Caesar;SEASHELLS;14908.0;5
3;50814.0;Peter;Charlie;SEASHELLS;14909.0;5
3;50899.0;Pablo;Caesar;SEASHELLS;14902.0;15
3;50989.0;Peter;Caesar;SEASHELLS;14895.0;3
3;50993.0;Caesar;Caesar;SEASHELLS;14890.0;21
3;51016.0;Caesar;Peter;SEASHELLS;14897.0;3
3;51031.0;Peter;Charlie;SEASHELLS;14894.0;4
3;51070.0;Peter;Caesar;SEASHELLS;14909.0;3
3;51078.0;Charlie;Pablo;SEASHELLS;14897.0;6
3;51170.0;Caesar;Pablo;SEASHELLS;14887.0;10
3;51264.0;Caesar;Caesar;SEASHELLS;14864.0;6
3;51264.0;Pablo;Caesar;SEASHELLS;14864.0;14
3;51412.0;Caesar;Peter;SEASHELLS;14861.0;4
3;51462.0;Charlie;Peter;SEASHELLS;14871.0;5
3;51524.0;Charlie;Pablo;SEASHELLS;14876.0;9
3;51535.0;Peter;Charlie;SEASHELLS;14878.0;2
3;51577.0;Caesar;Caesar;SEASHELLS;14872.0;30
3;51597.0;Charlie;Peter;SEASHELLS;14875.0;2
3;51657.0;Caesar;Caesar;SEASHELLS;14853.0;20
3;51657.0;Caesar;Pablo;SEASHELLS;14853.0;10
3;51705.0;Charlie;Peter;SEASHELLS;14849.0;5
3;51760.0;Charlie;Pablo;SEASHELLS;14848.0;9
3;51768.0;Charlie;Peter;SEASHELLS;14852.0;2
3;51875.0;Caesar;Caesar;SEASHELLS;14838.0;20
3;51880.0;Peter;Charlie;SEASHELLS;14838.0;3
3;51964.0;Charlie;Pablo;SEASHELLS;14849.0;11
3;51977.0;Peter;Caesar;SEASHELLS;14857.0;4
3;52031.0;Caesar;Caesar;SEASHELLS;14841.0;23
3;52045.0;Charlie;Pablo;SEASHELLS;14851.0;13
3;52093.0;Charlie;Peter;SEASHELLS;14850.0;2
3;52171.0;Charlie;Peter;SEASHELLS;14821.0;4
3;52215.0;Peter;Caesar;SEASHELLS;14838.0;4
3;52224.0;Charlie;Peter;SEASHELLS;14830.0;5
3;52321.0;Charlie;Pablo;SEASHELLS;14830.0;9
3;52328.0;Caesar;Caesar;SEASHELLS;14829.0;34
3;52338.0;Caesar;Caesar;SEASHELLS;14828.0;22
3;52358.0;Peter;Charlie;SEASHELLS;14831.0;4
3;52431.0;Peter;Charlie;SEASHELLS;14821.0;5
3;52482.0;Charlie;Peter;SEASHELLS;14824.0;2
3;52483.0;Charlie;Peter;SEASHELLS;14825.0;2
3;52549.0;Caesar;Peter;SEASHELLS;14807.0;5
3;52566.0;Charlie;Peter;SEASHELLS;14809.0;2
3;52603.0;Charlie;Pablo;SEASHELLS;14810.0;5
3;52659.0;Charlie;Peter;SEASHELLS;14799.0;3
3;52664.0;Caesar;Pablo;SEASHELLS;14800.0;12
3;52665.0;Peter;Charlie;SEASHELLS;14801.0;2
3;52703.0;Caesar;Caesar;SEASHELLS;14799.0;22
3;52708.0;Pablo;Caesar;SEASHELLS;14798.0;5
3;52726.0;Charlie;Pablo;SEASHELLS;14797.0;11
3;52798.0;Caesar;Pablo;SEASHELLS;14811.0;6
3;52810.0;Charlie;Pablo;SEASHELLS;14820.0;13
3;52828.0;Caesar;Caesar;SEASHELLS;14809.0;24
3;52901.0;Peter;Charlie;SEASHELLS;14801.0;4
3;52903.0;Charlie;Peter;SEASHELLS;14798.0;4
3;52906.0;Charlie;Pablo;SEASHELLS;14794.0;5
3;52931.0;Caesar;Caesar;SEASHELLS;14794.0;10
3;52931.0;Caesar;Caesar;SEASHELLS;14794.0;24
3;52954.0;Charlie;Peter;SEASHELLS;14791.0;5
3;52987.0;Caesar;Pablo;SEASHELLS;14779.0;11
3;52993.0;Pablo;Caesar;SEASHELLS;14782.0;8
3;53060.0;Peter;Charlie;SEASHELLS;14755.0;3
3;53070.0;Caesar;Caesar;SEASHELLS;14757.0;24
3;53105.0;Charlie;Pablo;SEASHELLS;14772.0;14
3;53143.0;Peter;Caesar;SEASHELLS;14764.0;5
3;53212.0;Charlie;Pablo;SEASHELLS;14765.0;12
3;53232.0;Caesar;Caesar;SEASHELLS;14766.0;23
3;53248.0;Charlie;Peter;SEASHELLS;14762.0;2
3;53340.0;Charlie;Peter;SEASHELLS;14778.0;3
3;53470.0;Peter;Caesar;SEASHELLS;14809.0;2
3;53525.0;Caesar;Caesar;SEASHELLS;14794.0;30
3;53548.0;Peter;Charlie;SEASHELLS;14801.0;3
3;53560.0;Charlie;Peter;SEASHELLS;14795.0;4
3;53648.0;Peter;Caesar;SEASHELLS;14806.0;3
3;53710.0;Peter;Charlie;SEASHELLS;14819.0;5
3;53723.0;Charlie;Peter;SEASHELLS;14822.0;3
3;53730.0;Caesar;Caesar;SEASHELLS;14827.0;32
3;53760.0;Peter;Charlie;SEASHELLS;14824.0;4
3;53774.0;Peter;Charlie;SEASHELLS;14826.0;3
3;53851.0;Caesar;Caesar;SEASHELLS;14838.0;28
3;53858.0;Peter;Charlie;SEASHELLS;14840.0;2
3;53865.0;Caesar;Caesar;SEASHELLS;14843.0;22
3;53929.0;Peter;Charlie;SEASHELLS;14862.0;2
3;53931.0;Peter;Charlie;SEASHELLS;14858.0;4
3;53936.0;Caesar;Caesar;SEASHELLS;14857.0;25
3;53936.0;Caesar;Caesar;SEASHELLS;14857.0;9
3;53950.0;Charlie;Peter;SEASHELLS;14868.0;2
3;53998.0;Charlie;Peter;SEASHELLS;14861.0;2
3;54063.0;Peter;Charlie;SEASHELLS;14848.0;4
3;54114.0;Caesar;Peter;SEASHELLS;14850.0;2
3;54172.0;Charlie;Pablo;SEASHELLS;14846.0;15
3;54220.0;Charlie;Pablo;SEASHELLS;14843.0;12
3;54323.0;Peter;Caesar;SEASHELLS;14855.0;3
3;54338.0;Peter;Caesar;SEASHELLS;14864.0;3
3;54356.0;Caesar;Peter;SEASHELLS;14861.0;5
3;54411.0;Pablo;Caesar;SEASHELLS;14820.0;7
3;54417.0;Charlie;Pablo;SEASHELLS;14818.0;10
3;54441.0;Charlie;Pablo;SEASHELLS;14814.0;11
3;54455.0;Peter;Charlie;SEASHELLS;14818.0;2
3;54489.0;Charlie;Peter;SEASHELLS;14818.0;2
3;54494.0;Caesar;Peter;SEASHELLS;14814.0;3
3;54538.0;Caesar;Peter;SEASHELLS;14836.0;3
3;54600.0;Caesar;Caesar;SEASHELLS;14841.0;26
3;54610.0;Charlie;Peter;SEASHELLS;14836.0;2
3;54621.0;Charlie;Peter;SEASHELLS;14849.0;3
3;54639.0;Peter;Caesar;SEASHELLS;14850.0;4
3;54709.0;Peter;Charlie;SEASHELLS;14849.0;2
3;54710.0;Peter;Charlie;SEASHELLS;14848.0;4
3;54763.0;Caesar;Caesar;SEASHELLS;14858.0;34
3;54843.0;Caesar;Pablo;SEASHELLS;14869.0;5
3;54850.0;Charlie;Pablo;SEASHELLS;14873.0;5
3;54866.0;Caesar;Peter;SEASHELLS;14881.0;4
3;54902.0;Caesar;Pablo;SEASHELLS;14892.0;5
3;54912.0;Caesar;Caesar;SEASHELLS;14889.0;6
3;54912.0;Caesar;Caesar;SEASHELLS;14889.0;34
3;54949.0;Caesar;Peter;SEASHELLS;14868.0;4
3;55035.0;Caesar;Caesar;SEASHELLS;14863.0;28
3;55164.0;Caesar;Caesar;SEASHELLS;14896.0;27
3;55238.0;Charlie;Peter;SEASHELLS;14869.0;2
3;55285.0;Charlie;Peter;SEASHELLS;14867.0;5
3;55315.0;Caesar;Peter;SEASHELLS;14868.0;2
3;55355.0;Peter;Charlie;SEASHELLS;14878.0;5
3;55367.0;Caesar;Pablo;SEASHELLS;14865.0;14
3;55430.0;Charlie;Pablo;SEASHELLS;14879.0;6
3;55439.0;Peter;Caesar;SEASHELLS;14886.0;3
3;55440.0;Charlie;Pablo;SEASHELLS;14883.0;12
3;55514.0;Caesar;Pablo;SEASHELLS;14920.0;14
3;55627.0;Caesar;Caesar;SEASHELLS;14914.0;32
3;55636.0;Charlie;Peter;SEASHELLS;14908.0;5
3;55652.0;Peter;Charlie;SEASHELLS;14898.0;5
3;55653.0;Charlie;Pablo;SEASHELLS;14897.0;15
3;55671.0;Caesar;Pablo;SEASHELLS;14894.0;10
3;55684.0;Caesar;Peter;SEASHELLS;14895.0;5
3;55698.0;Charlie;Pablo;SEASHELLS;14889.0;14
3;55722.0;Charlie;Peter;SEASHELLS;14891.0;4
3;55751.0;Charlie;Peter;SEASHELLS;14892.0;3
3;55784.0;Caesar;Peter;SEASHELLS;14857.0;5
3;55792.0;Peter;Charlie;SEASHELLS;14850.0;3
3;55895.0;Charlie;Peter;SEASHELLS;14859.0;5
3;55903.0;Caesar;Pablo;SEASHELLS;14864.0;9
3;55920.0;Charlie;Peter;SEASHELLS;14886.0;2
3;55998.0;Caesar;Pablo;SEASHELLS;14919.0;9
3;56017.0;Caesar;Caesar;SEASHELLS;14927.0;20
3;56035.0;Peter;Charlie;SEASHELLS;14932.0;2
3;56112.0;Caesar;Caesar;SEASHELLS;14913.0;20
3;56163.0;Caesar;Pablo;SEASHELLS;14922.0;10
3;56228.0;Charlie;Pablo;SEASHELLS;14945.0;7
3;56263.0;Peter;Charlie;SEASHELLS;14953.0;5
3;56318.0;Caesar;Peter;SEASHELLS;14947.0;2
3;56335.0;Charlie;Peter;SEASHELLS;14946.0;5
3;56338.0;Peter;Charlie;SEASHELLS;14947.0;5
3;56410.0;Charlie;Peter;SEASHELLS;14950.0;2
3;56423.0;Caesar;Caesar;SEASHELLS;14944.0;29
3;56427.0;Charlie;Pablo;SEASHELLS;14945.0;6
3;56429.0;Charlie;Peter;SEASHELLS;14947.0;3
3;56520.0;Charlie;Peter;SEASHELLS;14921.0;3
3;56554.0;Peter;Charlie;SEASHELLS;14934.0;5
3;56563.0;Charlie;Pablo;SEASHELLS;14933.0;15
3;56564.0;Caesar;Peter;SEASHELLS;14934.0;4
3;56578.0;Peter;Charlie;SEASHELLS;14939.0;3
3;56601.0;Charlie;Pablo;SEASHELLS;14927.0;7
3;56621.0;Caesar;Pablo;SEASHELLS;14914.0;11
3;56624.0;Peter;Caesar;SEASHELLS;14917.0;3
3;56657.0;Caesar;Caesar;SEASHELLS;14937.0;21
3;56664.0;Caesar;Caesar;SEASHELLS;14943.0;21
3;56679.0;Caesar;Caesar;SEASHELLS;14946.0;28
3;56724.0;Caesar;Caesar;SEASHELLS;14934.0;22
3;56758.0;Charlie;Peter;SEASHELLS;14914.0;3
3;56815.0;Charlie;Peter;SEASHELLS;14921.0;4
3;56816.0;Charlie;Peter;SEASHELLS;14923.0;4
3;56848.0;Caesar;Caesar;SEASHELLS;14928.0;20
3;56848.0;Caesar;Caesar;SEASHELLS;14928.0;12
3;56971.0;Caesar;Peter;SEASHELLS;14931.0;5
3;56995.0;Caesar;Caesar;SEASHELLS;14920.0;37
3;56995.0;Caesar;Caesar;SEASHELLS;14920.0;3
3;57075.0;Charlie;Peter;SEASHELLS;14917.0;3
3;57095.0;Charlie;Peter;SEASHELLS;14908.0;4
3;57151.0;Charlie;Pablo;SEASHELLS;14902.0;11
3;57166.0;Charlie;Peter;SEASHELLS;14890.0;2
3;57178.0;Peter;Charlie;SEASHELLS;14901.0;3
3;57252.0;Peter;Caesar;SEASHELLS;14860.0;4
3;57288.0;Charlie;Pablo;SEASHELLS;14868.0;14
3;57504.0;Charlie;Peter;SEASHELLS;14868.0;2
3;57507.0;Charlie;Peter;SEASHELLS;14864.0;5
3;57627.0;Peter;Charlie;SEASHELLS;14855.0;3
3;57644.0;Charlie;Peter;SEASHELLS;14861.0;3
3;57654.0;Caesar;Caesar;SEASHELLS;14865.0;22
3;57738.0;Charlie;Pablo;SEASHELLS;14874.0;7
3;57819.0;Caesar;Caesar;SEASHELLS;14857.0;22
3;57819.0;Caesar;Caesar;SEASHELLS;14857.0;16
3;57858.0;Peter;Charlie;SEASHELLS;14877.0;3
3;57889.0;Charlie;Peter;SEASHELLS;14886.0;5
3;57935.0;Peter;Caesar;SEASHELLS;14891.0;2
3;57949.0;Caesar;Pablo;SEASHELLS;14883.0;10
3;58000.0;Caesar;Peter;SEASHELLS;14917.0;4
3;58036.0;Caesar;Caesar;SEASHELLS;14900.0;36
3;58152.0;Caesar;Caesar;SEASHELLS;14869.0;38
3;58197.0;Caesar;Peter;SEASHELLS;14867.0;2
3;58237.0;Caesar;Caesar;SEASHELLS;14872.0;20
3;58253.0;Charlie;Pablo;SEASHELLS;14869.0;11
3;58317.0;Peter;Caesar;SEASHELLS;14886.0;3
3;58322.0;Caesar;Pablo;SEASHELLS;14881.0;8
3;58323.0;Caesar;Caesar;SEASHELLS;14879.0;25
3;58327.0;Caesar;Peter;SEASHELLS;14868.0;5
3;58346.0;Peter;Pablo;SEASHELLS;14875.0;2
3;58359.0;Peter;Charlie;SEASHELLS;14867.0;3
3;58418.0;Charlie;Pablo;SEASHELLS;14879.0;13
3;58465.0;Peter;Charlie;SEASHELLS;14886.0;2
3;58504.0;Caesar;Peter;SEASHELLS;14872.0;3
3;58527.0;Caesar;Caesar;SEASHELLS;14867.0;24
3;58529.0;Charlie;Peter;SEASHELLS;14864.0;3
3;58561.0;Caesar;Caesar;SEASHELLS;14868.0;27
3;58566.0;Peter;Charlie;SEASHELLS;14870.0;2
3;58617.0;Caesar;Caesar;SEASHELLS;14853.0;22
3;58692.0;Caesar;Peter;SEASHELLS;14843.0;5
3;58733.0;Peter;Caesar;SEASHELLS;14840.0;5
3;58774.0;Caesar;Pablo;SEASHELLS;14850.0;5
3;58805.0;Peter;Charlie;SEASHELLS;14844.0;3
3;58820.0;Charlie;Peter;SEASHELLS;14845.0;2
3;58887.0;Caesar;Pablo;SEASHELLS;14849.0;12
3;58919.0;Caesar;Peter;SEASHELLS;14838.0;4
3;58970.0;Pablo;Caesar;SEASHELLS;14823.0;6
3;59050.0;Charlie;Peter;SEASHELLS;14818.0;4
3;59057.0;Peter;Charlie;SEASHELLS;14822.0;2
3;59096.0;Caesar;Caesar;SEASHELLS;14844.0;32
3;59099.0;Charlie;Peter;SEASHELLS;14842.0;2
3;59104.0;Charlie;Pablo;SEASHELLS;14838.0;13
3;59302.0;Peter;Charlie;SEASHELLS;14878.0;4
3;59302.0;Pablo;Caesar;SEASHELLS;14877.0;9
3;59303.0;Peter;Caesar;SEASHELLS;14879.0;4
3;59326.0;Caesar;Peter;SEASHELLS;14870.0;5
3;59371.0;Peter;Caesar;SEASHELLS;14865.0;4
3;59405.0;Peter;Charlie;SEASHELLS;14865.0;5
3;59408.0;Caesar;Pablo;SEASHELLS;14862.0;12
3;59445.0;Peter;Charlie;SEASHELLS;14894.0;5
3;59494.0;Caesar;Caesar;SEASHELLS;14882.0;31
3;59494.0;Caesar;Caesar;SEASHELLS;14882.0;2
3;59509.0;Charlie;Peter;SEASHELLS;14885.0;5
3;59515.0;Charlie;Peter;SEASHELLS;14886.0;5
3;59533.0;Peter;Caesar;SEASHELLS;14887.0;4
3;59779.0;Peter;Charlie;SEASHELLS;14922.0;5
3;59814.0;Charlie;Peter;SEASHELLS;14922.0;3
3;59850.0;Charlie;Peter;SEASHELLS;14923.0;5
3;59934.0;Caesar;Caesar;SEASHELLS;14929.0;29
3;59954.0;Caesar;Caesar;SEASHELLS;14927.0;24
